wavelength,absorbance,drug_type
554.0,0.9261,Heroin
558.0,0.9261,Heroin
562.0,0.9261,Heroin
566.0,0.9261,Heroin
570.0,0.9262,Heroin
574.0,0.9262,Heroin
578.0,0.9262,Heroin
582.0,0.9263,Heroin
586.0,0.9263,Heroin
590.0,0.9264,Heroin
594.0,0.9264,Heroin
598.0,0.9265,Heroin
602.0,0.9265,Heroin
606.0,0.9266,Heroin
610.0,0.9266,Heroin
614.0,0.9266,Heroin
618.0,0.9267,Heroin
622.0,0.9267,Heroin
626.0,0.9267,Heroin
630.0,0.9267,Heroin
634.0,0.9268,Heroin
638.0,0.9268,Heroin
642.0,0.9268,Heroin
646.0,0.9268,Heroin
650.0,0.9268,Heroin
654.0,0.9268,Heroin
658.0,0.927,Heroin
662.0,0.927,Heroin
666.0,0.9271,Heroin
670.0,0.9271,Heroin
674.0,0.9271,Heroin
678.0,0.9271,Heroin
682.0,0.9273,Heroin
686.0,0.9273,Heroin
690.0,0.9273,Heroin
694.0,0.9274,Heroin
698.0,0.9274,Heroin
702.0,0.9274,Heroin
706.0,0.9274,Heroin
710.0,0.9275,Heroin
714.0,0.9275,Heroin
718.0,0.9275,Heroin
722.0,0.9275,Heroin
726.0,0.9277,Heroin
730.0,0.9277,Heroin
734.0,0.9278,Heroin
738.0,0.9278,Heroin
742.0,0.9278,Heroin
746.0,0.9278,Heroin
750.0,0.9278,Heroin
754.0,0.9278,Heroin
758.0,0.928,Heroin
762.0,0.928,Heroin
766.0,0.928,Heroin
770.0,0.9281,Heroin
774.0,0.9281,Heroin
778.0,0.9281,Heroin
782.0,0.9282,Heroin
786.0,0.9282,Heroin
790.0,0.9283,Heroin
794.0,0.9283,Heroin
798.0,0.9284,Heroin
802.0,0.9284,Heroin
806.0,0.9285,Heroin
810.0,0.9285,Heroin
814.0,0.9285,Heroin
818.0,0.9285,Heroin
822.0,0.9285,Heroin
826.0,0.9285,Heroin
830.0,0.9285,Heroin
834.0,0.9285,Heroin
838.0,0.9285,Heroin
842.0,0.9285,Heroin
846.0,0.9285,Heroin
850.0,0.9285,Heroin
854.0,0.9285,Heroin
858.0,0.9286,Heroin
862.0,0.9286,Heroin
866.0,0.9286,Heroin
870.0,0.9286,Heroin
874.0,0.9286,Heroin
878.0,0.9286,Heroin
882.0,0.9287,Heroin
886.0,0.9287,Heroin
890.0,0.9287,Heroin
894.0,0.9287,Heroin
898.0,0.9287,Heroin
902.0,0.9287,Heroin
906.0,0.9288,Heroin
910.0,0.9288,Heroin
914.0,0.9288,Heroin
918.0,0.9288,Heroin
922.0,0.9288,Heroin
926.0,0.9288,Heroin
930.0,0.9289,Heroin
934.0,0.9289,Heroin
938.0,0.9289,Heroin
942.0,0.9289,Heroin
946.0,0.9289,Heroin
950.0,0.9289,Heroin
954.0,0.929,Heroin
958.0,0.929,Heroin
962.0,0.929,Heroin
966.0,0.929,Heroin
970.0,0.929,Heroin
974.0,0.929,Heroin
978.0,0.9291,Heroin
982.0,0.9291,Heroin
986.0,0.9291,Heroin
990.0,0.9291,Heroin
994.0,0.9291,Heroin
998.0,0.9291,Heroin
1002.0,0.9292,Heroin
1006.0,0.9292,Heroin
1010.0,0.9292,Heroin
1014.0,0.9292,Heroin
1018.0,0.9292,Heroin
1022.0,0.9292,Heroin
1026.0,0.9292,Heroin
1030.0,0.9292,Heroin
1034.0,0.9292,Heroin
1038.0,0.9292,Heroin
1042.0,0.9292,Heroin
1046.0,0.9292,Heroin
1050.0,0.9292,Heroin
1054.0,0.9292,Heroin
1058.0,0.9292,Heroin
1062.0,0.9292,Heroin
1066.0,0.9292,Heroin
1070.0,0.9292,Heroin
1074.0,0.9292,Heroin
1078.0,0.9292,Heroin
1082.0,0.9292,Heroin
1086.0,0.9292,Heroin
1090.0,0.9292,Heroin
1094.0,0.9292,Heroin
1098.0,0.9292,Heroin
1102.0,0.9291,Heroin
1106.0,0.929,Heroin
1110.0,0.9289,Heroin
1114.0,0.9289,Heroin
1118.0,0.9288,Heroin
1122.0,0.9287,Heroin
1126.0,0.9286,Heroin
1130.0,0.9285,Heroin
1134.0,0.9284,Heroin
1138.0,0.9283,Heroin
1142.0,0.9282,Heroin
1146.0,0.928,Heroin
1150.0,0.9278,Heroin
1154.0,0.9278,Heroin
1158.0,0.9277,Heroin
1162.0,0.9275,Heroin
1166.0,0.9275,Heroin
1170.0,0.9274,Heroin
1174.0,0.9273,Heroin
1178.0,0.9271,Heroin
1182.0,0.9271,Heroin
1186.0,0.927,Heroin
1190.0,0.9268,Heroin
1194.0,0.9268,Heroin
1198.0,0.9268,Heroin
1202.0,0.9268,Heroin
1206.0,0.9268,Heroin
1210.0,0.9268,Heroin
1214.0,0.9268,Heroin
1218.0,0.927,Heroin
1222.0,0.9271,Heroin
1226.0,0.9271,Heroin
1230.0,0.9271,Heroin
1234.0,0.9273,Heroin
1238.0,0.9274,Heroin
1242.0,0.9275,Heroin
1246.0,0.9275,Heroin
1250.0,0.9277,Heroin
1254.0,0.9278,Heroin
1258.0,0.9278,Heroin
1262.0,0.928,Heroin
1266.0,0.9281,Heroin
1270.0,0.9282,Heroin
1274.0,0.9283,Heroin
1278.0,0.9284,Heroin
1282.0,0.9285,Heroin
1286.0,0.9286,Heroin
1290.0,0.9287,Heroin
1294.0,0.9288,Heroin
1298.0,0.9289,Heroin
1302.0,0.929,Heroin
1306.0,0.9291,Heroin
1310.0,0.9291,Heroin
1314.0,0.9293,Heroin
1318.0,0.9294,Heroin
1322.0,0.9295,Heroin
1326.0,0.9296,Heroin
1330.0,0.9297,Heroin
1334.0,0.9298,Heroin
1338.0,0.9299,Heroin
1342.0,0.93,Heroin
1346.0,0.9301,Heroin
1350.0,0.9302,Heroin
1354.0,0.9303,Heroin
1358.0,0.9304,Heroin
1362.0,0.9305,Heroin
1366.0,0.9306,Heroin
1370.0,0.9307,Heroin
1374.0,0.9308,Heroin
1378.0,0.9309,Heroin
1382.0,0.931,Heroin
1386.0,0.931,Heroin
1390.0,0.931,Heroin
1394.0,0.9311,Heroin
1398.0,0.9311,Heroin
1402.0,0.9311,Heroin
1406.0,0.9312,Heroin
1410.0,0.9312,Heroin
1414.0,0.9312,Heroin
1418.0,0.9312,Heroin
1422.0,0.9312,Heroin
1426.0,0.9313,Heroin
1430.0,0.9313,Heroin
1434.0,0.9313,Heroin
1438.0,0.9313,Heroin
1442.0,0.9313,Heroin
1446.0,0.9313,Heroin
1450.0,0.9314,Heroin
1454.0,0.9314,Heroin
1458.0,0.9314,Heroin
1462.0,0.9314,Heroin
1466.0,0.9314,Heroin
1470.0,0.9314,Heroin
1474.0,0.9315,Heroin
1478.0,0.9315,Heroin
1482.0,0.9315,Heroin
1486.0,0.9316,Heroin
1490.0,0.9316,Heroin
1494.0,0.9317,Heroin
1498.0,0.9317,Heroin
1502.0,0.9317,Heroin
1506.0,0.9317,Heroin
1510.0,0.9317,Heroin
1514.0,0.9317,Heroin
1518.0,0.9318,Heroin
1522.0,0.9318,Heroin
1526.0,0.9318,Heroin
1530.0,0.9318,Heroin
1534.0,0.9318,Heroin
1538.0,0.9318,Heroin
1542.0,0.9318,Heroin
1546.0,0.9318,Heroin
1550.0,0.9318,Heroin
1554.0,0.9318,Heroin
1558.0,0.9318,Heroin
1562.0,0.932,Heroin
1566.0,0.932,Heroin
1570.0,0.932,Heroin
1574.0,0.932,Heroin
1578.0,0.932,Heroin
1582.0,0.932,Heroin
1586.0,0.9321,Heroin
1590.0,0.9321,Heroin
1594.0,0.9321,Heroin
1598.0,0.9321,Heroin
1602.0,0.9321,Heroin
1606.0,0.9321,Heroin
1610.0,0.9321,Heroin
1614.0,0.932,Heroin
1618.0,0.932,Heroin
1622.0,0.9318,Heroin
1626.0,0.9318,Heroin
1630.0,0.9318,Heroin
1634.0,0.9318,Heroin
1638.0,0.9318,Heroin
1642.0,0.9317,Heroin
1646.0,0.9317,Heroin
1650.0,0.9317,Heroin
1654.0,0.9316,Heroin
1658.0,0.9316,Heroin
1662.0,0.9315,Heroin
1666.0,0.9314,Heroin
1670.0,0.9314,Heroin
1674.0,0.9313,Heroin
1678.0,0.9313,Heroin
1682.0,0.9312,Heroin
1686.0,0.9312,Heroin
1690.0,0.9311,Heroin
1694.0,0.9311,Heroin
1698.0,0.931,Heroin
1702.0,0.931,Heroin
1706.0,0.9309,Heroin
1710.0,0.9308,Heroin
1714.0,0.9308,Heroin
1718.0,0.9307,Heroin
1722.0,0.9307,Heroin
1726.0,0.9306,Heroin
1730.0,0.9306,Heroin
1734.0,0.9305,Heroin
1738.0,0.9305,Heroin
1742.0,0.9304,Heroin
1746.0,0.9304,Heroin
1750.0,0.9303,Heroin
1754.0,0.9302,Heroin
1758.0,0.9302,Heroin
1762.0,0.9301,Heroin
1766.0,0.9301,Heroin
1770.0,0.93,Heroin
1774.0,0.93,Heroin
1778.0,0.9299,Heroin
1782.0,0.9299,Heroin
1786.0,0.9298,Heroin
1790.0,0.9298,Heroin
1794.0,0.9297,Heroin
1798.0,0.9296,Heroin
1802.0,0.9296,Heroin
1806.0,0.9295,Heroin
1810.0,0.9295,Heroin
1814.0,0.9294,Heroin
1818.0,0.9294,Heroin
1822.0,0.9293,Heroin
1826.0,0.9293,Heroin
1830.0,0.9292,Heroin
1834.0,0.9291,Heroin
1838.0,0.9291,Heroin
1842.0,0.929,Heroin
1846.0,0.929,Heroin
1850.0,0.9289,Heroin
1854.0,0.9289,Heroin
1858.0,0.9288,Heroin
1862.0,0.9288,Heroin
1866.0,0.9287,Heroin
1870.0,0.9286,Heroin
1874.0,0.9286,Heroin
1878.0,0.9285,Heroin
1882.0,0.9285,Heroin
1886.0,0.9284,Heroin
1890.0,0.9284,Heroin
1894.0,0.9283,Heroin
1898.0,0.9282,Heroin
1902.0,0.928,Heroin
1906.0,0.9278,Heroin
1910.0,0.9278,Heroin
1914.0,0.9277,Heroin
1918.0,0.9275,Heroin
1922.0,0.9275,Heroin
1926.0,0.9274,Heroin
1930.0,0.9273,Heroin
1934.0,0.9271,Heroin
1938.0,0.927,Heroin
1942.0,0.9268,Heroin
1946.0,0.9268,Heroin
1950.0,0.9267,Heroin
1954.0,0.9266,Heroin
1958.0,0.9265,Heroin
1962.0,0.9264,Heroin
1966.0,0.9263,Heroin
1970.0,0.9261,Heroin
1974.0,0.926,Heroin
1978.0,0.9259,Heroin
1982.0,0.9258,Heroin
1986.0,0.9257,Heroin
1990.0,0.9256,Heroin
1994.0,0.9255,Heroin
1998.0,0.9253,Heroin
2002.0,0.9252,Heroin
2006.0,0.9251,Heroin
2010.0,0.925,Heroin
2014.0,0.9249,Heroin
2018.0,0.9248,Heroin
2022.0,0.9247,Heroin
2026.0,0.9246,Heroin
2030.0,0.9244,Heroin
2034.0,0.9243,Heroin
2038.0,0.9242,Heroin
2042.0,0.9241,Heroin
2046.0,0.924,Heroin
2050.0,0.9239,Heroin
2054.0,0.9238,Heroin
2058.0,0.9236,Heroin
2062.0,0.9235,Heroin
2066.0,0.9234,Heroin
2070.0,0.9233,Heroin
2074.0,0.9232,Heroin
2078.0,0.9231,Heroin
2082.0,0.923,Heroin
2086.0,0.9228,Heroin
2090.0,0.9225,Heroin
2094.0,0.9224,Heroin
2098.0,0.9221,Heroin
2102.0,0.922,Heroin
2106.0,0.9218,Heroin
2110.0,0.9217,Heroin
2114.0,0.9215,Heroin
2118.0,0.9213,Heroin
2122.0,0.9211,Heroin
2126.0,0.921,Heroin
2130.0,0.9208,Heroin
2134.0,0.9206,Heroin
2138.0,0.9204,Heroin
2142.0,0.9202,Heroin
2146.0,0.92,Heroin
2150.0,0.9198,Heroin
2154.0,0.9196,Heroin
2158.0,0.9194,Heroin
2162.0,0.9192,Heroin
2166.0,0.919,Heroin
2170.0,0.9188,Heroin
2174.0,0.9185,Heroin
2178.0,0.9183,Heroin
2182.0,0.918,Heroin
2186.0,0.9178,Heroin
2190.0,0.9175,Heroin
2194.0,0.9171,Heroin
2198.0,0.9168,Heroin
2202.0,0.9166,Heroin
2206.0,0.9163,Heroin
2210.0,0.916,Heroin
2214.0,0.9157,Heroin
2218.0,0.9154,Heroin
2222.0,0.9151,Heroin
2226.0,0.9148,Heroin
2230.0,0.9145,Heroin
2234.0,0.9142,Heroin
2238.0,0.9139,Heroin
2242.0,0.9136,Heroin
2246.0,0.9133,Heroin
2250.0,0.913,Heroin
2254.0,0.9127,Heroin
2258.0,0.9124,Heroin
2262.0,0.912,Heroin
2266.0,0.9117,Heroin
2270.0,0.9114,Heroin
2274.0,0.9111,Heroin
2278.0,0.9108,Heroin
2282.0,0.9105,Heroin
2286.0,0.9102,Heroin
2290.0,0.91,Heroin
2294.0,0.9097,Heroin
2298.0,0.9094,Heroin
2302.0,0.9091,Heroin
2306.0,0.9088,Heroin
2310.0,0.9085,Heroin
2314.0,0.9082,Heroin
2318.0,0.9078,Heroin
2322.0,0.9075,Heroin
2326.0,0.9073,Heroin
2330.0,0.907,Heroin
2334.0,0.9067,Heroin
2338.0,0.9064,Heroin
2342.0,0.9062,Heroin
2346.0,0.9059,Heroin
2350.0,0.9056,Heroin
2354.0,0.9053,Heroin
2358.0,0.905,Heroin
2362.0,0.9047,Heroin
2366.0,0.9044,Heroin
2370.0,0.9041,Heroin
2374.0,0.9038,Heroin
2378.0,0.9036,Heroin
2382.0,0.9033,Heroin
2386.0,0.903,Heroin
2390.0,0.9027,Heroin
2394.0,0.9024,Heroin
2398.0,0.9021,Heroin
2402.0,0.9018,Heroin
2406.0,0.9016,Heroin
2410.0,0.9013,Heroin
2414.0,0.901,Heroin
2418.0,0.9007,Heroin
2422.0,0.9004,Heroin
2426.0,0.9001,Heroin
2430.0,0.8998,Heroin
2434.0,0.8995,Heroin
2438.0,0.8993,Heroin
2442.0,0.899,Heroin
2446.0,0.8987,Heroin
2450.0,0.8984,Heroin
2454.0,0.8983,Heroin
2458.0,0.8982,Heroin
2462.0,0.8981,Heroin
2466.0,0.898,Heroin
2470.0,0.8978,Heroin
2474.0,0.8978,Heroin
2478.0,0.8978,Heroin
2482.0,0.8977,Heroin
2486.0,0.8975,Heroin
2490.0,0.8975,Heroin
2494.0,0.8974,Heroin
2498.0,0.8973,Heroin
2502.0,0.8971,Heroin
2506.0,0.8971,Heroin
2510.0,0.897,Heroin
2514.0,0.8968,Heroin
2518.0,0.8968,Heroin
2522.0,0.8968,Heroin
2526.0,0.8967,Heroin
2530.0,0.8966,Heroin
2534.0,0.8965,Heroin
2538.0,0.8964,Heroin
2542.0,0.8963,Heroin
2546.0,0.8962,Heroin
2550.0,0.8961,Heroin
2554.0,0.896,Heroin
2558.0,0.896,Heroin
2562.0,0.8959,Heroin
2566.0,0.8958,Heroin
2570.0,0.8957,Heroin
2574.0,0.8957,Heroin
2578.0,0.8956,Heroin
2582.0,0.8955,Heroin
2586.0,0.8955,Heroin
2590.0,0.8955,Heroin
2594.0,0.8955,Heroin
2598.0,0.8955,Heroin
2602.0,0.8955,Heroin
2606.0,0.8955,Heroin
2610.0,0.8956,Heroin
2614.0,0.8956,Heroin
2618.0,0.8956,Heroin
2622.0,0.8956,Heroin
2626.0,0.8956,Heroin
2630.0,0.8957,Heroin
2634.0,0.8957,Heroin
2638.0,0.8957,Heroin
2642.0,0.8957,Heroin
2646.0,0.8958,Heroin
2650.0,0.8958,Heroin
2654.0,0.8958,Heroin
2658.0,0.8958,Heroin
2662.0,0.8958,Heroin
2666.0,0.8959,Heroin
2670.0,0.8959,Heroin
2674.0,0.8959,Heroin
2678.0,0.8959,Heroin
2682.0,0.8959,Heroin
2686.0,0.8959,Heroin
2690.0,0.8959,Heroin
2694.0,0.8959,Heroin
2698.0,0.8959,Heroin
2702.0,0.8959,Heroin
2706.0,0.896,Heroin
2710.0,0.896,Heroin
2714.0,0.896,Heroin
2718.0,0.896,Heroin
2722.0,0.896,Heroin
2726.0,0.8961,Heroin
2730.0,0.8961,Heroin
2734.0,0.8961,Heroin
2738.0,0.8961,Heroin
2742.0,0.8962,Heroin
2746.0,0.8963,Heroin
2750.0,0.8964,Heroin
2754.0,0.8966,Heroin
2758.0,0.8967,Heroin
2762.0,0.8968,Heroin
2766.0,0.8971,Heroin
2770.0,0.8971,Heroin
2774.0,0.8974,Heroin
2778.0,0.8975,Heroin
2782.0,0.8977,Heroin
2786.0,0.8978,Heroin
2790.0,0.898,Heroin
2794.0,0.8982,Heroin
2798.0,0.8983,Heroin
2802.0,0.8985,Heroin
2806.0,0.8987,Heroin
2810.0,0.8988,Heroin
2814.0,0.899,Heroin
2818.0,0.8992,Heroin
2822.0,0.8993,Heroin
2826.0,0.8995,Heroin
2830.0,0.8996,Heroin
2834.0,0.8998,Heroin
2838.0,0.8999,Heroin
2842.0,0.9001,Heroin
2846.0,0.9004,Heroin
2850.0,0.9006,Heroin
2854.0,0.9008,Heroin
2858.0,0.9011,Heroin
2862.0,0.9014,Heroin
2866.0,0.9017,Heroin
2870.0,0.902,Heroin
2874.0,0.9023,Heroin
2878.0,0.9027,Heroin
2882.0,0.903,Heroin
2886.0,0.9033,Heroin
2890.0,0.9036,Heroin
2894.0,0.9039,Heroin
2898.0,0.9043,Heroin
2902.0,0.9046,Heroin
2906.0,0.9049,Heroin
2910.0,0.9052,Heroin
2914.0,0.9056,Heroin
2918.0,0.9059,Heroin
2922.0,0.9062,Heroin
2926.0,0.9065,Heroin
2930.0,0.9068,Heroin
2934.0,0.9071,Heroin
2938.0,0.9075,Heroin
2942.0,0.9078,Heroin
2946.0,0.9083,Heroin
2950.0,0.9087,Heroin
2954.0,0.9092,Heroin
2958.0,0.9097,Heroin
2962.0,0.9102,Heroin
2966.0,0.9107,Heroin
2970.0,0.9112,Heroin
2974.0,0.9118,Heroin
2978.0,0.9123,Heroin
2982.0,0.9128,Heroin
2986.0,0.9133,Heroin
2990.0,0.9138,Heroin
2994.0,0.9144,Heroin
2998.0,0.9149,Heroin
3002.0,0.9154,Heroin
3006.0,0.9159,Heroin
3010.0,0.9164,Heroin
3014.0,0.9168,Heroin
3018.0,0.9174,Heroin
3022.0,0.9178,Heroin
3026.0,0.9184,Heroin
3030.0,0.919,Heroin
3034.0,0.9195,Heroin
3038.0,0.92,Heroin
3042.0,0.9204,Heroin
3046.0,0.9206,Heroin
3050.0,0.9207,Heroin
3054.0,0.9209,Heroin
3058.0,0.921,Heroin
3062.0,0.9212,Heroin
3066.0,0.9213,Heroin
3070.0,0.9215,Heroin
3074.0,0.9216,Heroin
3078.0,0.9218,Heroin
3082.0,0.9218,Heroin
3086.0,0.9221,Heroin
3090.0,0.9223,Heroin
3094.0,0.9224,Heroin
3098.0,0.9225,Heroin
3102.0,0.9227,Heroin
3106.0,0.9228,Heroin
3110.0,0.9228,Heroin
3114.0,0.9231,Heroin
3118.0,0.9232,Heroin
3122.0,0.9234,Heroin
3126.0,0.9235,Heroin
3130.0,0.9237,Heroin
3134.0,0.9238,Heroin
3138.0,0.9239,Heroin
3142.0,0.9241,Heroin
3146.0,0.9242,Heroin
3150.0,0.9243,Heroin
3154.0,0.9243,Heroin
3158.0,0.9244,Heroin
3162.0,0.9245,Heroin
3166.0,0.9245,Heroin
3170.0,0.9246,Heroin
3174.0,0.9247,Heroin
3178.0,0.9247,Heroin
3182.0,0.9248,Heroin
3186.0,0.9249,Heroin
3190.0,0.9249,Heroin
3194.0,0.925,Heroin
3198.0,0.9251,Heroin
3202.0,0.9251,Heroin
3206.0,0.9252,Heroin
3210.0,0.9253,Heroin
3214.0,0.9253,Heroin
3218.0,0.9254,Heroin
3222.0,0.9255,Heroin
3226.0,0.9255,Heroin
3230.0,0.9256,Heroin
3234.0,0.9257,Heroin
3238.0,0.9257,Heroin
3242.0,0.9258,Heroin
3246.0,0.9259,Heroin
3250.0,0.9259,Heroin
3254.0,0.926,Heroin
3258.0,0.9261,Heroin
3262.0,0.9261,Heroin
3266.0,0.9262,Heroin
3270.0,0.9263,Heroin
3274.0,0.9264,Heroin
3278.0,0.9264,Heroin
3282.0,0.9265,Heroin
3286.0,0.9266,Heroin
3290.0,0.9266,Heroin
3294.0,0.9267,Heroin
3298.0,0.9268,Heroin
3302.0,0.9268,Heroin
3306.0,0.9268,Heroin
3310.0,0.927,Heroin
3314.0,0.927,Heroin
3318.0,0.9271,Heroin
3322.0,0.9271,Heroin
3326.0,0.9271,Heroin
3330.0,0.9273,Heroin
3334.0,0.9274,Heroin
3338.0,0.9274,Heroin
3342.0,0.9275,Heroin
3346.0,0.9275,Heroin
3350.0,0.9277,Heroin
3354.0,0.9277,Heroin
3358.0,0.9278,Heroin
3362.0,0.9278,Heroin
3366.0,0.9278,Heroin
3370.0,0.928,Heroin
3374.0,0.9281,Heroin
3378.0,0.9281,Heroin
3382.0,0.9282,Heroin
3386.0,0.9283,Heroin
3390.0,0.9283,Heroin
3394.0,0.9284,Heroin
3398.0,0.9285,Heroin
3402.0,0.9286,Heroin
3406.0,0.9287,Heroin
3410.0,0.9288,Heroin
3414.0,0.9289,Heroin
3418.0,0.9289,Heroin
3422.0,0.929,Heroin
3426.0,0.9291,Heroin
3430.0,0.9291,Heroin
3434.0,0.9292,Heroin
3438.0,0.9293,Heroin
3442.0,0.9293,Heroin
3446.0,0.9294,Heroin
3450.0,0.9295,Heroin
3454.0,0.9296,Heroin
3458.0,0.9296,Heroin
3462.0,0.9297,Heroin
3466.0,0.9298,Heroin
3470.0,0.9298,Heroin
3474.0,0.9299,Heroin
3478.0,0.93,Heroin
3482.0,0.93,Heroin
3486.0,0.9301,Heroin
3490.0,0.9302,Heroin
3494.0,0.9303,Heroin
3498.0,0.9303,Heroin
3502.0,0.9304,Heroin
3506.0,0.9305,Heroin
3510.0,0.9306,Heroin
3514.0,0.9307,Heroin
3518.0,0.9308,Heroin
3522.0,0.9309,Heroin
3526.0,0.931,Heroin
3530.0,0.9311,Heroin
3534.0,0.9312,Heroin
3538.0,0.9313,Heroin
3542.0,0.9314,Heroin
3546.0,0.9315,Heroin
3550.0,0.9315,Heroin
3554.0,0.9316,Heroin
3558.0,0.9317,Heroin
3562.0,0.9318,Heroin
3566.0,0.9318,Heroin
3570.0,0.932,Heroin
3574.0,0.9321,Heroin
3578.0,0.9321,Heroin
3582.0,0.9323,Heroin
3586.0,0.9324,Heroin
3590.0,0.9325,Heroin
3594.0,0.9325,Heroin
3598.0,0.9327,Heroin
3602.0,0.9328,Heroin
3606.0,0.9328,Heroin
3610.0,0.933,Heroin
3614.0,0.9331,Heroin
3618.0,0.9332,Heroin
3622.0,0.9333,Heroin
3626.0,0.9334,Heroin
3630.0,0.9335,Heroin
3634.0,0.9335,Heroin
3638.0,0.9336,Heroin
3642.0,0.9337,Heroin
3646.0,0.9338,Heroin
3650.0,0.9339,Heroin
3654.0,0.934,Heroin
3658.0,0.9341,Heroin
3662.0,0.9342,Heroin
3666.0,0.9343,Heroin
3670.0,0.9344,Heroin
3674.0,0.9344,Heroin
3678.0,0.9345,Heroin
3682.0,0.9345,Heroin
3686.0,0.9346,Heroin
3690.0,0.9346,Heroin
3694.0,0.9347,Heroin
3698.0,0.9347,Heroin
3702.0,0.9348,Heroin
3706.0,0.9348,Heroin
3710.0,0.9349,Heroin
3714.0,0.9349,Heroin
3718.0,0.935,Heroin
3722.0,0.935,Heroin
3726.0,0.9351,Heroin
3730.0,0.9351,Heroin
3734.0,0.9352,Heroin
3738.0,0.9352,Heroin
3742.0,0.9353,Heroin
3746.0,0.9353,Heroin
3750.0,0.9354,Heroin
3754.0,0.9354,Heroin
3758.0,0.9354,Heroin
3762.0,0.9355,Heroin
3766.0,0.9355,Heroin
3770.0,0.9356,Heroin
3774.0,0.9356,Heroin
3778.0,0.9357,Heroin
3782.0,0.9357,Heroin
3786.0,0.9358,Heroin
3790.0,0.9358,Heroin
3794.0,0.9359,Heroin
3798.0,0.936,Heroin
3802.0,0.936,Heroin
3806.0,0.936,Heroin
3810.0,0.9361,Heroin
3814.0,0.9361,Heroin
3818.0,0.9362,Heroin
3822.0,0.9362,Heroin
3826.0,0.9363,Heroin
3830.0,0.9363,Heroin
3834.0,0.9364,Heroin
3838.0,0.9364,Heroin
3842.0,0.9365,Heroin
3846.0,0.9365,Heroin
3850.0,0.9366,Heroin
3854.0,0.9366,Heroin
3858.0,0.9367,Heroin
3862.0,0.9367,Heroin
3866.0,0.9368,Heroin
3870.0,0.9368,Heroin
3874.0,0.9368,Heroin
3878.0,0.9368,Heroin
3882.0,0.937,Heroin
3886.0,0.937,Heroin
3890.0,0.937,Heroin
3894.0,0.937,Heroin
3898.0,0.9371,Heroin
3902.0,0.9371,Heroin
3906.0,0.9371,Heroin
3910.0,0.9371,Heroin
3914.0,0.9371,Heroin
3918.0,0.9371,Heroin
3922.0,0.9371,Heroin
3926.0,0.9371,Heroin
3930.0,0.9371,Heroin
3934.0,0.9371,Heroin
3938.0,0.9371,Heroin
3942.0,0.9371,Heroin
3946.0,0.9371,Heroin
3950.0,0.9371,Heroin
3954.0,0.9371,Heroin
3958.0,0.9371,Heroin
3962.0,0.9373,Heroin
3966.0,0.9373,Heroin
3970.0,0.9373,Heroin
3974.0,0.9373,Heroin
3978.0,0.9371,Heroin
3982.0,0.9371,Heroin
3986.0,0.9371,Heroin
3990.0,0.9371,Heroin
3994.0,0.9371,Heroin
3998.0,0.9371,Heroin
4002.0,0.937,Heroin
4006.0,0.937,Heroin
4010.0,0.9368,Heroin
4014.0,0.9368,Heroin
4018.0,0.9367,Heroin
4022.0,0.9367,Heroin
4026.0,0.9366,Heroin
4030.0,0.9366,Heroin
4034.0,0.9365,Heroin
4038.0,0.9365,Heroin
4042.0,0.9364,Heroin
4046.0,0.9364,Heroin
4050.0,0.9363,Heroin
4054.0,0.9363,Heroin
4058.0,0.9362,Heroin
4062.0,0.9361,Heroin
4066.0,0.9361,Heroin
4070.0,0.936,Heroin
4074.0,0.9359,Heroin
4078.0,0.9358,Heroin
4082.0,0.9357,Heroin
4086.0,0.9356,Heroin
4090.0,0.9354,Heroin
4094.0,0.9353,Heroin
4098.0,0.9351,Heroin
4102.0,0.9349,Heroin
4106.0,0.9347,Heroin
4110.0,0.9345,Heroin
4114.0,0.9343,Heroin
4118.0,0.9341,Heroin
4122.0,0.9339,Heroin
4126.0,0.9337,Heroin
4130.0,0.9335,Heroin
4134.0,0.9333,Heroin
4138.0,0.9331,Heroin
4142.0,0.9328,Heroin
4146.0,0.9325,Heroin
4150.0,0.9323,Heroin
4154.0,0.9318,Heroin
4158.0,0.9316,Heroin
4162.0,0.9312,Heroin
4166.0,0.9308,Heroin
4170.0,0.9304,Heroin
4174.0,0.93,Heroin
4178.0,0.9296,Heroin
4182.0,0.9288,Heroin
4186.0,0.9281,Heroin
4190.0,0.9273,Heroin
4194.0,0.9265,Heroin
4198.0,0.9253,Heroin
4202.0,0.9242,Heroin
4206.0,0.923,Heroin
4210.0,0.9209,Heroin
4214.0,0.9174,Heroin
4218.0,0.9138,Heroin
4222.0,0.9103,Heroin
4226.0,0.9082,Heroin
4230.0,0.907,Heroin
4234.0,0.9058,Heroin
4238.0,0.9046,Heroin
4242.0,0.9033,Heroin
4246.0,0.902,Heroin
4250.0,0.9008,Heroin
4254.0,0.8995,Heroin
4258.0,0.898,Heroin
4262.0,0.8966,Heroin
4266.0,0.8951,Heroin
4270.0,0.8938,Heroin
4274.0,0.893,Heroin
4278.0,0.8921,Heroin
4282.0,0.8912,Heroin
4286.0,0.8906,Heroin
4290.0,0.8903,Heroin
4294.0,0.89,Heroin
4298.0,0.8897,Heroin
4302.0,0.8896,Heroin
4306.0,0.8894,Heroin
4310.0,0.8893,Heroin
4314.0,0.8892,Heroin
4318.0,0.8891,Heroin
4322.0,0.889,Heroin
4326.0,0.889,Heroin
4330.0,0.889,Heroin
4334.0,0.889,Heroin
4338.0,0.889,Heroin
4342.0,0.889,Heroin
4346.0,0.889,Heroin
4350.0,0.8891,Heroin
4354.0,0.8892,Heroin
4358.0,0.8893,Heroin
4362.0,0.8897,Heroin
4366.0,0.8902,Heroin
4370.0,0.8907,Heroin
4374.0,0.8912,Heroin
4378.0,0.8918,Heroin
4382.0,0.8927,Heroin
4386.0,0.8934,Heroin
4390.0,0.8941,Heroin
4394.0,0.8949,Heroin
4398.0,0.8956,Heroin
4402.0,0.8964,Heroin
4406.0,0.8971,Heroin
4410.0,0.8978,Heroin
4414.0,0.8985,Heroin
4418.0,0.8991,Heroin
4422.0,0.8998,Heroin
4426.0,0.9004,Heroin
4430.0,0.9011,Heroin
4434.0,0.9017,Heroin
4438.0,0.9021,Heroin
4442.0,0.9025,Heroin
4446.0,0.9028,Heroin
4450.0,0.9032,Heroin
4454.0,0.9035,Heroin
4458.0,0.9038,Heroin
4462.0,0.904,Heroin
4466.0,0.9042,Heroin
4470.0,0.9044,Heroin
4474.0,0.9045,Heroin
4478.0,0.9047,Heroin
4482.0,0.9047,Heroin
4486.0,0.9047,Heroin
4490.0,0.9047,Heroin
4494.0,0.903,Heroin
4498.0,0.9005,Heroin
4502.0,0.898,Heroin
4506.0,0.8954,Heroin
4510.0,0.8911,Heroin
4514.0,0.8867,Heroin
4518.0,0.8824,Heroin
4522.0,0.878,Heroin
4526.0,0.8736,Heroin
4530.0,0.8693,Heroin
4534.0,0.8649,Heroin
4538.0,0.8605,Heroin
4542.0,0.8561,Heroin
4546.0,0.8518,Heroin
4550.0,0.8474,Heroin
4554.0,0.843,Heroin
4558.0,0.8386,Heroin
4562.0,0.8342,Heroin
4566.0,0.8298,Heroin
4570.0,0.8254,Heroin
4574.0,0.821,Heroin
4578.0,0.8165,Heroin
4582.0,0.8121,Heroin
4586.0,0.8078,Heroin
4590.0,0.8034,Heroin
4594.0,0.7989,Heroin
4598.0,0.7945,Heroin
4602.0,0.7901,Heroin
4606.0,0.7857,Heroin
4610.0,0.7811,Heroin
4614.0,0.7768,Heroin
4618.0,0.7724,Heroin
4622.0,0.7678,Heroin
4626.0,0.7635,Heroin
4630.0,0.759,Heroin
4634.0,0.7545,Heroin
4638.0,0.7501,Heroin
4642.0,0.7456,Heroin
4646.0,0.7411,Heroin
4650.0,0.7367,Heroin
4654.0,0.7321,Heroin
4658.0,0.7278,Heroin
4662.0,0.7233,Heroin
4666.0,0.7188,Heroin
4670.0,0.7144,Heroin
4674.0,0.7099,Heroin
4678.0,0.7054,Heroin
4682.0,0.7008,Heroin
4686.0,0.6964,Heroin
4690.0,0.6918,Heroin
4694.0,0.6875,Heroin
4698.0,0.683,Heroin
4702.0,0.6785,Heroin
4706.0,0.674,Heroin
4710.0,0.6695,Heroin
4714.0,0.665,Heroin
4718.0,0.6604,Heroin
4722.0,0.6558,Heroin
4726.0,0.6514,Heroin
4730.0,0.6468,Heroin
4734.0,0.6424,Heroin
4738.0,0.6378,Heroin
4742.0,0.6333,Heroin
4746.0,0.6288,Heroin
4750.0,0.6262,Heroin
4754.0,0.6251,Heroin
4758.0,0.6242,Heroin
4762.0,0.623,Heroin
4766.0,0.623,Heroin
4770.0,0.623,Heroin
4774.0,0.623,Heroin
4778.0,0.623,Heroin
4782.0,0.623,Heroin
4786.0,0.623,Heroin
4790.0,0.623,Heroin
4794.0,0.6233,Heroin
4798.0,0.6236,Heroin
4802.0,0.6239,Heroin
4806.0,0.6245,Heroin
4810.0,0.6251,Heroin
4814.0,0.6258,Heroin
4818.0,0.6268,Heroin
4822.0,0.6284,Heroin
4826.0,0.63,Heroin
4830.0,0.6316,Heroin
4834.0,0.6348,Heroin
4838.0,0.6383,Heroin
4842.0,0.6418,Heroin
4846.0,0.6447,Heroin
4850.0,0.6464,Heroin
4854.0,0.6482,Heroin
4858.0,0.65,Heroin
4862.0,0.6508,Heroin
4866.0,0.6515,Heroin
4870.0,0.6524,Heroin
4874.0,0.6533,Heroin
4878.0,0.6544,Heroin
4882.0,0.6555,Heroin
4886.0,0.6568,Heroin
4890.0,0.6608,Heroin
4894.0,0.6646,Heroin
4898.0,0.6685,Heroin
4902.0,0.6724,Heroin
4906.0,0.6762,Heroin
4910.0,0.6801,Heroin
4914.0,0.684,Heroin
4918.0,0.6878,Heroin
4922.0,0.6918,Heroin
4926.0,0.6957,Heroin
4930.0,0.6996,Heroin
4934.0,0.7035,Heroin
4938.0,0.7074,Heroin
4942.0,0.7112,Heroin
4946.0,0.7151,Heroin
4950.0,0.7191,Heroin
4954.0,0.723,Heroin
4958.0,0.7268,Heroin
4962.0,0.7308,Heroin
4966.0,0.7347,Heroin
4970.0,0.7368,Heroin
4974.0,0.7386,Heroin
4978.0,0.7404,Heroin
4982.0,0.7412,Heroin
4986.0,0.7414,Heroin
4990.0,0.7415,Heroin
4994.0,0.7415,Heroin
4998.0,0.7415,Heroin
5002.0,0.7417,Heroin
5006.0,0.7417,Heroin
5010.0,0.7418,Heroin
5014.0,0.7418,Heroin
5018.0,0.7419,Heroin
5022.0,0.7431,Heroin
5026.0,0.7451,Heroin
5030.0,0.7471,Heroin
5034.0,0.7496,Heroin
5038.0,0.7538,Heroin
5042.0,0.758,Heroin
5046.0,0.7621,Heroin
5050.0,0.7664,Heroin
5054.0,0.7706,Heroin
5058.0,0.7748,Heroin
5062.0,0.779,Heroin
5066.0,0.7833,Heroin
5070.0,0.7875,Heroin
5074.0,0.7918,Heroin
5078.0,0.796,Heroin
5082.0,0.8001,Heroin
5086.0,0.8044,Heroin
5090.0,0.8087,Heroin
5094.0,0.8128,Heroin
5098.0,0.8171,Heroin
5102.0,0.8214,Heroin
5106.0,0.8256,Heroin
5110.0,0.8299,Heroin
5114.0,0.8341,Heroin
5118.0,0.8384,Heroin
5122.0,0.8427,Heroin
5126.0,0.8467,Heroin
5130.0,0.8489,Heroin
5134.0,0.8511,Heroin
5138.0,0.8545,Heroin
5142.0,0.8537,Heroin
5146.0,0.8537,Heroin
5150.0,0.8537,Heroin
5154.0,0.8503,Heroin
5158.0,0.8451,Heroin
5162.0,0.8398,Heroin
5166.0,0.8345,Heroin
5170.0,0.829,Heroin
5174.0,0.8235,Heroin
5178.0,0.8181,Heroin
5182.0,0.8125,Heroin
5186.0,0.8071,Heroin
5190.0,0.8017,Heroin
5194.0,0.7962,Heroin
5198.0,0.7908,Heroin
5202.0,0.7853,Heroin
5206.0,0.7798,Heroin
5210.0,0.7743,Heroin
5214.0,0.7688,Heroin
5218.0,0.7633,Heroin
5222.0,0.7578,Heroin
5226.0,0.7522,Heroin
5230.0,0.7474,Heroin
5234.0,0.7439,Heroin
5238.0,0.7404,Heroin
5242.0,0.7371,Heroin
5246.0,0.7371,Heroin
5250.0,0.7371,Heroin
5254.0,0.7371,Heroin
5258.0,0.7371,Heroin
5262.0,0.7371,Heroin
5266.0,0.7371,Heroin
5270.0,0.74,Heroin
5274.0,0.7444,Heroin
5278.0,0.7488,Heroin
5282.0,0.7564,Heroin
5286.0,0.7672,Heroin
5290.0,0.7783,Heroin
5294.0,0.7892,Heroin
5298.0,0.8001,Heroin
5302.0,0.8111,Heroin
5306.0,0.8221,Heroin
5310.0,0.8331,Heroin
5314.0,0.844,Heroin
5318.0,0.855,Heroin
5322.0,0.8578,Heroin
5326.0,0.8608,Heroin
5330.0,0.8636,Heroin
5334.0,0.8657,Heroin
5338.0,0.8677,Heroin
5342.0,0.8696,Heroin
5346.0,0.8716,Heroin
5350.0,0.8735,Heroin
5354.0,0.8755,Heroin
5358.0,0.8775,Heroin
5362.0,0.8795,Heroin
5366.0,0.8815,Heroin
5370.0,0.8835,Heroin
5374.0,0.8855,Heroin
5378.0,0.8875,Heroin
5382.0,0.8895,Heroin
5386.0,0.8916,Heroin
5390.0,0.8936,Heroin
5394.0,0.8956,Heroin
5398.0,0.8974,Heroin
5402.0,0.8992,Heroin
5406.0,0.9009,Heroin
5410.0,0.9021,Heroin
5414.0,0.9034,Heroin
5418.0,0.9046,Heroin
5422.0,0.9058,Heroin
5426.0,0.9071,Heroin
5430.0,0.9083,Heroin
5434.0,0.9095,Heroin
5438.0,0.9107,Heroin
5442.0,0.912,Heroin
5446.0,0.9128,Heroin
5450.0,0.9135,Heroin
5454.0,0.9142,Heroin
5458.0,0.9149,Heroin
5462.0,0.9157,Heroin
5466.0,0.9164,Heroin
5470.0,0.9171,Heroin
5474.0,0.9178,Heroin
5478.0,0.9184,Heroin
5482.0,0.9191,Heroin
5486.0,0.9198,Heroin
5490.0,0.9204,Heroin
5494.0,0.921,Heroin
5498.0,0.9216,Heroin
5502.0,0.9221,Heroin
5506.0,0.9227,Heroin
5510.0,0.9232,Heroin
5514.0,0.9237,Heroin
5518.0,0.9241,Heroin
5522.0,0.9244,Heroin
5526.0,0.9246,Heroin
5530.0,0.9248,Heroin
5534.0,0.9251,Heroin
5538.0,0.9253,Heroin
5542.0,0.9255,Heroin
5546.0,0.9258,Heroin
5550.0,0.926,Heroin
5554.0,0.9262,Heroin
5558.0,0.9264,Heroin
5562.0,0.9266,Heroin
5566.0,0.9268,Heroin
5570.0,0.927,Heroin
5574.0,0.9271,Heroin
5578.0,0.9273,Heroin
5582.0,0.9274,Heroin
5586.0,0.9275,Heroin
5590.0,0.9275,Heroin
5594.0,0.9277,Heroin
5598.0,0.9278,Heroin
5602.0,0.9278,Heroin
5606.0,0.9278,Heroin
5610.0,0.9277,Heroin
5614.0,0.9275,Heroin
5618.0,0.9275,Heroin
5622.0,0.9275,Heroin
5626.0,0.9274,Heroin
5630.0,0.9274,Heroin
5634.0,0.9273,Heroin
5638.0,0.9271,Heroin
5642.0,0.9271,Heroin
5646.0,0.927,Heroin
5650.0,0.9268,Heroin
5654.0,0.9268,Heroin
5658.0,0.9268,Heroin
5662.0,0.9268,Heroin
5666.0,0.9271,Heroin
5670.0,0.9275,Heroin
5674.0,0.9277,Heroin
5678.0,0.928,Heroin
5682.0,0.9283,Heroin
5686.0,0.9286,Heroin
5690.0,0.929,Heroin
5694.0,0.9293,Heroin
5698.0,0.9297,Heroin
5702.0,0.9301,Heroin
5706.0,0.9305,Heroin
5710.0,0.9309,Heroin
5714.0,0.9313,Heroin
5718.0,0.9317,Heroin
5722.0,0.9321,Heroin
5726.0,0.9325,Heroin
5730.0,0.9328,Heroin
5734.0,0.9333,Heroin
5738.0,0.9337,Heroin
5742.0,0.9341,Heroin
5746.0,0.9345,Heroin
5750.0,0.935,Heroin
5754.0,0.9354,Heroin
5758.0,0.9357,Heroin
5762.0,0.936,Heroin
5766.0,0.9363,Heroin
5770.0,0.9366,Heroin
5774.0,0.9368,Heroin
5778.0,0.937,Heroin
5782.0,0.9371,Heroin
5786.0,0.9375,Heroin
5790.0,0.9377,Heroin
5794.0,0.9378,Heroin
5798.0,0.9381,Heroin
5802.0,0.9384,Heroin
5806.0,0.9386,Heroin
5810.0,0.9388,Heroin
5814.0,0.939,Heroin
5818.0,0.9392,Heroin
5822.0,0.9394,Heroin
5826.0,0.9396,Heroin
5830.0,0.9399,Heroin
5834.0,0.9401,Heroin
5838.0,0.9404,Heroin
5842.0,0.9406,Heroin
5846.0,0.9408,Heroin
5850.0,0.941,Heroin
5854.0,0.9413,Heroin
5858.0,0.9415,Heroin
5862.0,0.9417,Heroin
5866.0,0.9418,Heroin
5870.0,0.9421,Heroin
5874.0,0.9423,Heroin
5878.0,0.9424,Heroin
5882.0,0.9425,Heroin
5886.0,0.9427,Heroin
5890.0,0.9428,Heroin
5894.0,0.943,Heroin
5898.0,0.9432,Heroin
5902.0,0.9433,Heroin
5906.0,0.9435,Heroin
5910.0,0.9436,Heroin
5914.0,0.9438,Heroin
5918.0,0.9439,Heroin
5922.0,0.9441,Heroin
5926.0,0.9442,Heroin
5930.0,0.9444,Heroin
5934.0,0.9445,Heroin
5938.0,0.9446,Heroin
5942.0,0.9448,Heroin
5946.0,0.945,Heroin
5950.0,0.9452,Heroin
5954.0,0.9453,Heroin
5958.0,0.9455,Heroin
5962.0,0.9456,Heroin
5966.0,0.9457,Heroin
5970.0,0.9459,Heroin
5974.0,0.946,Heroin
5978.0,0.9462,Heroin
5982.0,0.9463,Heroin
5986.0,0.9465,Heroin
5990.0,0.9467,Heroin
5994.0,0.9468,Heroin
5998.0,0.947,Heroin
6002.0,0.9471,Heroin
6006.0,0.9473,Heroin
6010.0,0.9474,Heroin
6014.0,0.9475,Heroin
6018.0,0.9475,Heroin
6022.0,0.9477,Heroin
6026.0,0.9478,Heroin
6030.0,0.9478,Heroin
6034.0,0.948,Heroin
6038.0,0.9481,Heroin
6042.0,0.9482,Heroin
6046.0,0.9483,Heroin
6050.0,0.9484,Heroin
6054.0,0.9485,Heroin
6058.0,0.9486,Heroin
6062.0,0.9487,Heroin
6066.0,0.9488,Heroin
6070.0,0.9489,Heroin
6074.0,0.949,Heroin
6078.0,0.9491,Heroin
6082.0,0.9492,Heroin
6086.0,0.9493,Heroin
6090.0,0.9493,Heroin
6094.0,0.9494,Heroin
6098.0,0.9494,Heroin
6102.0,0.9494,Heroin
6106.0,0.9495,Heroin
6110.0,0.9495,Heroin
6114.0,0.9495,Heroin
6118.0,0.9496,Heroin
6122.0,0.9497,Heroin
6126.0,0.9497,Heroin
6130.0,0.9498,Heroin
6134.0,0.9498,Heroin
6138.0,0.9499,Heroin
6142.0,0.9499,Heroin
6146.0,0.9499,Heroin
6150.0,0.9499,Heroin
6154.0,0.9497,Heroin
6158.0,0.9495,Heroin
6162.0,0.9493,Heroin
6166.0,0.9492,Heroin
6170.0,0.949,Heroin
6174.0,0.9489,Heroin
6178.0,0.9487,Heroin
6182.0,0.9485,Heroin
6186.0,0.9483,Heroin
6190.0,0.9481,Heroin
6194.0,0.9478,Heroin
6198.0,0.9478,Heroin
6202.0,0.9477,Heroin
6206.0,0.9475,Heroin
6210.0,0.9473,Heroin
6214.0,0.9471,Heroin
6218.0,0.9471,Heroin
6222.0,0.9471,Heroin
6226.0,0.9471,Heroin
6230.0,0.9471,Heroin
6234.0,0.9471,Heroin
6238.0,0.9471,Heroin
6242.0,0.9471,Heroin
6246.0,0.9471,Heroin
6250.0,0.9471,Heroin
6254.0,0.9471,Heroin
6258.0,0.9471,Heroin
6262.0,0.9471,Heroin
6266.0,0.9473,Heroin
6270.0,0.9473,Heroin
6274.0,0.9473,Heroin
6278.0,0.9473,Heroin
6282.0,0.9473,Heroin
6286.0,0.9473,Heroin
6290.0,0.9474,Heroin
6294.0,0.9474,Heroin
6298.0,0.9474,Heroin
6302.0,0.9474,Heroin
6306.0,0.9475,Heroin
6310.0,0.9475,Heroin
6314.0,0.9477,Heroin
6318.0,0.9477,Heroin
6322.0,0.9478,Heroin
6326.0,0.948,Heroin
6330.0,0.9481,Heroin
6334.0,0.9481,Heroin
6338.0,0.9482,Heroin
6342.0,0.9483,Heroin
6346.0,0.9484,Heroin
6350.0,0.9486,Heroin
6354.0,0.9487,Heroin
6358.0,0.9488,Heroin
6362.0,0.9489,Heroin
6366.0,0.949,Heroin
6370.0,0.949,Heroin
6374.0,0.9491,Heroin
6378.0,0.9493,Heroin
6382.0,0.9494,Heroin
6386.0,0.9495,Heroin
6390.0,0.9496,Heroin
6394.0,0.9497,Heroin
6398.0,0.9498,Heroin
6402.0,0.9499,Heroin
6406.0,0.95,Heroin
6410.0,0.9501,Heroin
6414.0,0.9502,Heroin
6418.0,0.9503,Heroin
6422.0,0.9503,Heroin
6426.0,0.9505,Heroin
6430.0,0.9506,Heroin
6434.0,0.9507,Heroin
6438.0,0.9508,Heroin
6442.0,0.9509,Heroin
6446.0,0.951,Heroin
6450.0,0.9511,Heroin
6454.0,0.9512,Heroin
6458.0,0.9513,Heroin
6462.0,0.9514,Heroin
6466.0,0.9515,Heroin
6470.0,0.9516,Heroin
6474.0,0.9517,Heroin
6478.0,0.9518,Heroin
6482.0,0.9518,Heroin
6486.0,0.952,Heroin
6490.0,0.9521,Heroin
6494.0,0.9523,Heroin
6498.0,0.9523,Heroin
6502.0,0.9523,Heroin
6506.0,0.9524,Heroin
6510.0,0.9524,Heroin
6514.0,0.9525,Heroin
6518.0,0.9525,Heroin
6522.0,0.9525,Heroin
6526.0,0.9525,Heroin
6530.0,0.9525,Heroin
6534.0,0.9525,Heroin
6538.0,0.9525,Heroin
6542.0,0.9525,Heroin
6546.0,0.9527,Heroin
6550.0,0.9527,Heroin
6554.0,0.9528,Heroin
6558.0,0.9528,Heroin
6562.0,0.9528,Heroin
6566.0,0.9528,Heroin
6570.0,0.9528,Heroin
6574.0,0.9528,Heroin
6578.0,0.9528,Heroin
6582.0,0.9528,Heroin
6586.0,0.953,Heroin
6590.0,0.953,Heroin
6594.0,0.9531,Heroin
6598.0,0.9531,Heroin
6602.0,0.9531,Heroin
6606.0,0.9532,Heroin
6610.0,0.9532,Heroin
6614.0,0.9532,Heroin
6618.0,0.9532,Heroin
6622.0,0.9532,Heroin
6626.0,0.9533,Heroin
6630.0,0.9533,Heroin
6634.0,0.9534,Heroin
6638.0,0.9534,Heroin
6642.0,0.9534,Heroin
6646.0,0.9535,Heroin
6650.0,0.9535,Heroin
6654.0,0.9535,Heroin
6658.0,0.9535,Heroin
6662.0,0.9535,Heroin
6666.0,0.9536,Heroin
6670.0,0.9536,Heroin
6674.0,0.9537,Heroin
6678.0,0.9537,Heroin
6682.0,0.9537,Heroin
6686.0,0.9538,Heroin
6690.0,0.9538,Heroin
6694.0,0.9538,Heroin
6698.0,0.9538,Heroin
6702.0,0.9537,Heroin
6706.0,0.9537,Heroin
6710.0,0.9537,Heroin
6714.0,0.9537,Heroin
6718.0,0.9537,Heroin
6722.0,0.9536,Heroin
6726.0,0.9536,Heroin
6730.0,0.9536,Heroin
6734.0,0.9535,Heroin
6738.0,0.9535,Heroin
6742.0,0.9535,Heroin
6746.0,0.9535,Heroin
6750.0,0.9535,Heroin
6754.0,0.9534,Heroin
6758.0,0.9534,Heroin
6762.0,0.9534,Heroin
6766.0,0.9534,Heroin
6770.0,0.9533,Heroin
6774.0,0.9533,Heroin
6778.0,0.9533,Heroin
6782.0,0.9532,Heroin
6786.0,0.9532,Heroin
6790.0,0.9532,Heroin
6794.0,0.9532,Heroin
6798.0,0.9531,Heroin
6802.0,0.9531,Heroin
6806.0,0.9531,Heroin
6810.0,0.953,Heroin
6814.0,0.953,Heroin
6818.0,0.9528,Heroin
6822.0,0.9528,Heroin
6826.0,0.9528,Heroin
6830.0,0.9528,Heroin
6834.0,0.9528,Heroin
6838.0,0.9527,Heroin
6842.0,0.9527,Heroin
6846.0,0.9525,Heroin
6850.0,0.9525,Heroin
6854.0,0.9525,Heroin
6858.0,0.9525,Heroin
6862.0,0.9525,Heroin
6866.0,0.9525,Heroin
6870.0,0.9525,Heroin
6874.0,0.9524,Heroin
6878.0,0.9524,Heroin
6882.0,0.9524,Heroin
6886.0,0.9523,Heroin
6890.0,0.9523,Heroin
6894.0,0.9521,Heroin
6898.0,0.9521,Heroin
6902.0,0.9521,Heroin
6906.0,0.9521,Heroin
6910.0,0.9521,Heroin
6914.0,0.952,Heroin
6918.0,0.9518,Heroin
6922.0,0.9518,Heroin
6926.0,0.9517,Heroin
6930.0,0.9516,Heroin
6934.0,0.9515,Heroin
6938.0,0.9514,Heroin
6942.0,0.9512,Heroin
6946.0,0.9511,Heroin
6950.0,0.951,Heroin
6954.0,0.9508,Heroin
6958.0,0.9507,Heroin
6962.0,0.9506,Heroin
6966.0,0.9505,Heroin
6970.0,0.9504,Heroin
6974.0,0.9503,Heroin
6978.0,0.9502,Heroin
6982.0,0.95,Heroin
6986.0,0.9499,Heroin
6990.0,0.9498,Heroin
6994.0,0.9496,Heroin
6998.0,0.9495,Heroin
7002.0,0.9494,Heroin
7006.0,0.9492,Heroin
7010.0,0.949,Heroin
7014.0,0.9487,Heroin
7018.0,0.9485,Heroin
7022.0,0.9482,Heroin
7026.0,0.948,Heroin
7030.0,0.9478,Heroin
7034.0,0.9475,Heroin
7038.0,0.9471,Heroin
7042.0,0.947,Heroin
7046.0,0.9468,Heroin
7050.0,0.9465,Heroin
7054.0,0.9463,Heroin
7058.0,0.946,Heroin
7062.0,0.9458,Heroin
7066.0,0.9456,Heroin
7070.0,0.9453,Heroin
7074.0,0.945,Heroin
7078.0,0.9448,Heroin
7082.0,0.9445,Heroin
7086.0,0.9443,Heroin
7090.0,0.944,Heroin
7094.0,0.9438,Heroin
7098.0,0.9435,Heroin
7102.0,0.9433,Heroin
7106.0,0.943,Heroin
7110.0,0.9428,Heroin
7114.0,0.9425,Heroin
7118.0,0.9423,Heroin
7122.0,0.942,Heroin
7126.0,0.9417,Heroin
7130.0,0.9415,Heroin
7134.0,0.9413,Heroin
7138.0,0.941,Heroin
7142.0,0.9409,Heroin
7146.0,0.9408,Heroin
7150.0,0.9407,Heroin
7154.0,0.9407,Heroin
7158.0,0.9406,Heroin
7162.0,0.9406,Heroin
7166.0,0.9405,Heroin
7170.0,0.9404,Heroin
7174.0,0.9403,Heroin
7178.0,0.9403,Heroin
7182.0,0.9402,Heroin
7186.0,0.9402,Heroin
7190.0,0.9402,Heroin
7194.0,0.9401,Heroin
7198.0,0.94,Heroin
7202.0,0.9399,Heroin
7206.0,0.9399,Heroin
7210.0,0.9399,Heroin
7214.0,0.94,Heroin
7218.0,0.9401,Heroin
7222.0,0.9405,Heroin
7226.0,0.9408,Heroin
7230.0,0.9411,Heroin
7234.0,0.9414,Heroin
7238.0,0.9417,Heroin
7242.0,0.9421,Heroin
7246.0,0.9424,Heroin
7250.0,0.9427,Heroin
7254.0,0.943,Heroin
7258.0,0.9434,Heroin
7262.0,0.9437,Heroin
7266.0,0.944,Heroin
7270.0,0.9443,Heroin
7274.0,0.9446,Heroin
7278.0,0.9449,Heroin
7282.0,0.9452,Heroin
7286.0,0.9455,Heroin
7290.0,0.9459,Heroin
7294.0,0.9462,Heroin
7298.0,0.9465,Heroin
7302.0,0.9468,Heroin
7306.0,0.9471,Heroin
7310.0,0.9475,Heroin
7314.0,0.9478,Heroin
7318.0,0.9482,Heroin
7322.0,0.9485,Heroin
7326.0,0.9488,Heroin
7330.0,0.9491,Heroin
7334.0,0.9494,Heroin
7338.0,0.9497,Heroin
7342.0,0.9499,Heroin
7346.0,0.9502,Heroin
7350.0,0.9504,Heroin
7354.0,0.9506,Heroin
7358.0,0.9509,Heroin
7362.0,0.9512,Heroin
7366.0,0.9514,Heroin
7370.0,0.9517,Heroin
7374.0,0.9518,Heroin
7378.0,0.9521,Heroin
7382.0,0.9524,Heroin
7386.0,0.9525,Heroin
7390.0,0.9528,Heroin
7394.0,0.9532,Heroin
7398.0,0.9534,Heroin
7402.0,0.9537,Heroin
7406.0,0.9539,Heroin
7410.0,0.9542,Heroin
7414.0,0.9544,Heroin
7418.0,0.9546,Heroin
7422.0,0.9549,Heroin
7426.0,0.9552,Heroin
7430.0,0.9555,Heroin
7434.0,0.9557,Heroin
7438.0,0.9559,Heroin
7442.0,0.9562,Heroin
7446.0,0.9564,Heroin
7450.0,0.9567,Heroin
7454.0,0.9568,Heroin
7458.0,0.9571,Heroin
7462.0,0.9575,Heroin
7466.0,0.9577,Heroin
7470.0,0.9578,Heroin
7474.0,0.9578,Heroin
7478.0,0.9581,Heroin
7482.0,0.9582,Heroin
7486.0,0.9583,Heroin
7490.0,0.9584,Heroin
7494.0,0.9585,Heroin
7498.0,0.9586,Heroin
7502.0,0.9588,Heroin
7506.0,0.9589,Heroin
7510.0,0.959,Heroin
7514.0,0.9591,Heroin
7518.0,0.9593,Heroin
7522.0,0.9594,Heroin
7526.0,0.9595,Heroin
7530.0,0.9596,Heroin
7534.0,0.9597,Heroin
7538.0,0.9599,Heroin
7542.0,0.96,Heroin
7546.0,0.9601,Heroin
7550.0,0.9602,Heroin
7554.0,0.9604,Heroin
7558.0,0.9605,Heroin
7562.0,0.9606,Heroin
7566.0,0.9607,Heroin
7570.0,0.9608,Heroin
7574.0,0.9609,Heroin
7578.0,0.9611,Heroin
7582.0,0.9611,Heroin
7586.0,0.9612,Heroin
7590.0,0.9613,Heroin
7594.0,0.9614,Heroin
7598.0,0.9614,Heroin
7602.0,0.9615,Heroin
7606.0,0.9615,Heroin
7610.0,0.9616,Heroin
7614.0,0.9617,Heroin
7618.0,0.9618,Heroin
7622.0,0.9618,Heroin
7626.0,0.9618,Heroin
7630.0,0.9618,Heroin
7634.0,0.962,Heroin
7638.0,0.962,Heroin
7642.0,0.9621,Heroin
7646.0,0.9621,Heroin
7650.0,0.9623,Heroin
7654.0,0.9623,Heroin
7658.0,0.9624,Heroin
7662.0,0.9624,Heroin
7666.0,0.9625,Heroin
7670.0,0.9625,Heroin
7674.0,0.9625,Heroin
7678.0,0.9625,Heroin
7682.0,0.9627,Heroin
7686.0,0.9627,Heroin
7690.0,0.9627,Heroin
7694.0,0.9627,Heroin
7698.0,0.9628,Heroin
7702.0,0.9628,Heroin
7706.0,0.9628,Heroin
7710.0,0.9628,Heroin
7714.0,0.9628,Heroin
7718.0,0.9628,Heroin
7722.0,0.9628,Heroin
7726.0,0.9628,Heroin
7730.0,0.963,Heroin
7734.0,0.963,Heroin
7738.0,0.963,Heroin
7742.0,0.963,Heroin
7746.0,0.9631,Heroin
7750.0,0.9631,Heroin
7754.0,0.9631,Heroin
7758.0,0.9631,Heroin
7762.0,0.9631,Heroin
7766.0,0.9631,Heroin
7770.0,0.9632,Heroin
7774.0,0.9632,Heroin
7778.0,0.9632,Heroin
7782.0,0.9632,Heroin
7786.0,0.9632,Heroin
7790.0,0.9633,Heroin
7794.0,0.9633,Heroin
7798.0,0.9633,Heroin
7802.0,0.9633,Heroin
7806.0,0.9634,Heroin
7810.0,0.9634,Heroin
7814.0,0.9634,Heroin
7818.0,0.9634,Heroin
7822.0,0.9634,Heroin
7826.0,0.9634,Heroin
7830.0,0.9634,Heroin
7834.0,0.9634,Heroin
7838.0,0.9633,Heroin
7842.0,0.9633,Heroin
7846.0,0.9633,Heroin
7850.0,0.9633,Heroin
7854.0,0.9632,Heroin
7858.0,0.9632,Heroin
7862.0,0.9632,Heroin
7866.0,0.9632,Heroin
7870.0,0.9632,Heroin
7874.0,0.9631,Heroin
7878.0,0.9631,Heroin
7882.0,0.963,Heroin
7886.0,0.9628,Heroin
7890.0,0.9628,Heroin
7894.0,0.9625,Heroin
7898.0,0.9624,Heroin
7902.0,0.9621,Heroin
7906.0,0.962,Heroin
7910.0,0.9618,Heroin
7914.0,0.9614,Heroin
7918.0,0.961,Heroin
7922.0,0.9603,Heroin
7926.0,0.9595,Heroin
7930.0,0.9588,Heroin
7934.0,0.958,Heroin
7938.0,0.9573,Heroin
7942.0,0.9565,Heroin
7946.0,0.9558,Heroin
7950.0,0.9552,Heroin
7954.0,0.9549,Heroin
7958.0,0.9546,Heroin
7962.0,0.9542,Heroin
7966.0,0.9539,Heroin
7970.0,0.9536,Heroin
7974.0,0.9532,Heroin
7978.0,0.9528,Heroin
7982.0,0.9528,Heroin
7986.0,0.9527,Heroin
7990.0,0.9527,Heroin
7994.0,0.9527,Heroin
7998.0,0.9527,Heroin
8002.0,0.9527,Heroin
8006.0,0.9527,Heroin
8010.0,0.9527,Heroin
8014.0,0.9527,Heroin
8018.0,0.9527,Heroin
8022.0,0.9527,Heroin
8026.0,0.9527,Heroin
8030.0,0.9527,Heroin
8034.0,0.9527,Heroin
8038.0,0.9527,Heroin
8042.0,0.9527,Heroin
8046.0,0.9527,Heroin
8050.0,0.9527,Heroin
8054.0,0.9527,Heroin
8058.0,0.9527,Heroin
8062.0,0.9527,Heroin
8066.0,0.9527,Heroin
8070.0,0.9528,Heroin
8074.0,0.9528,Heroin
8078.0,0.9528,Heroin
8082.0,0.953,Heroin
8086.0,0.9531,Heroin
8090.0,0.9532,Heroin
8094.0,0.9533,Heroin
8098.0,0.9533,Heroin
8102.0,0.9534,Heroin
8106.0,0.9535,Heroin
8110.0,0.9536,Heroin
8114.0,0.9536,Heroin
8118.0,0.9537,Heroin
8122.0,0.9538,Heroin
8126.0,0.9539,Heroin
8130.0,0.954,Heroin
8134.0,0.954,Heroin
8138.0,0.9541,Heroin
8142.0,0.9542,Heroin
8146.0,0.9544,Heroin
8150.0,0.9545,Heroin
8154.0,0.9547,Heroin
8158.0,0.9549,Heroin
8162.0,0.955,Heroin
8166.0,0.9552,Heroin
8170.0,0.9554,Heroin
8174.0,0.9555,Heroin
8178.0,0.9557,Heroin
8182.0,0.9559,Heroin
8186.0,0.9561,Heroin
8190.0,0.9562,Heroin
8194.0,0.9564,Heroin
8198.0,0.9566,Heroin
8202.0,0.9567,Heroin
8206.0,0.9568,Heroin
8210.0,0.9571,Heroin
8214.0,0.9573,Heroin
8218.0,0.9574,Heroin
8222.0,0.9575,Heroin
8226.0,0.9578,Heroin
8230.0,0.9578,Heroin
8234.0,0.958,Heroin
8238.0,0.9582,Heroin
8242.0,0.9584,Heroin
8246.0,0.9585,Heroin
8250.0,0.9586,Heroin
8254.0,0.9588,Heroin
8258.0,0.9589,Heroin
8262.0,0.959,Heroin
8266.0,0.9592,Heroin
8270.0,0.9594,Heroin
8274.0,0.9595,Heroin
8278.0,0.9596,Heroin
8282.0,0.9598,Heroin
8286.0,0.9599,Heroin
8290.0,0.9601,Heroin
8294.0,0.9602,Heroin
8298.0,0.9604,Heroin
8302.0,0.9605,Heroin
8306.0,0.9607,Heroin
8310.0,0.9609,Heroin
8314.0,0.961,Heroin
8318.0,0.9611,Heroin
8322.0,0.9612,Heroin
8326.0,0.9614,Heroin
8330.0,0.9615,Heroin
8334.0,0.9617,Heroin
8338.0,0.9618,Heroin
8342.0,0.962,Heroin
8346.0,0.9621,Heroin
8350.0,0.9621,Heroin
8354.0,0.9624,Heroin
8358.0,0.9625,Heroin
8362.0,0.9625,Heroin
8366.0,0.9627,Heroin
8370.0,0.9627,Heroin
8374.0,0.9628,Heroin
8378.0,0.963,Heroin
8382.0,0.963,Heroin
8386.0,0.9631,Heroin
8390.0,0.9631,Heroin
8394.0,0.9632,Heroin
8398.0,0.9634,Heroin
8402.0,0.9634,Heroin
8406.0,0.9635,Heroin
8410.0,0.9636,Heroin
8414.0,0.9637,Heroin
8418.0,0.9638,Heroin
8422.0,0.9638,Heroin
8426.0,0.9639,Heroin
8430.0,0.964,Heroin
8434.0,0.9641,Heroin
8438.0,0.9642,Heroin
8442.0,0.9642,Heroin
8446.0,0.9643,Heroin
8450.0,0.9644,Heroin
8454.0,0.9645,Heroin
8458.0,0.9646,Heroin
8462.0,0.9647,Heroin
8466.0,0.9648,Heroin
8470.0,0.9649,Heroin
8474.0,0.9649,Heroin
8478.0,0.965,Heroin
8482.0,0.9651,Heroin
8486.0,0.9652,Heroin
8490.0,0.9652,Heroin
8494.0,0.9652,Heroin
8498.0,0.9653,Heroin
8502.0,0.9653,Heroin
8506.0,0.9654,Heroin
8510.0,0.9654,Heroin
8514.0,0.9654,Heroin
8518.0,0.9655,Heroin
8522.0,0.9655,Heroin
8526.0,0.9655,Heroin
8530.0,0.9656,Heroin
8534.0,0.9656,Heroin
8538.0,0.9657,Heroin
8542.0,0.9657,Heroin
8546.0,0.9657,Heroin
8550.0,0.9658,Heroin
8554.0,0.9659,Heroin
8558.0,0.9659,Heroin
8562.0,0.9659,Heroin
8566.0,0.9659,Heroin
8570.0,0.966,Heroin
8574.0,0.9661,Heroin
8578.0,0.9661,Heroin
8582.0,0.9661,Heroin
8586.0,0.9662,Heroin
8590.0,0.9662,Heroin
8594.0,0.9663,Heroin
8598.0,0.9663,Heroin
8602.0,0.9663,Heroin
8606.0,0.9664,Heroin
8610.0,0.9664,Heroin
8614.0,0.9665,Heroin
8618.0,0.9666,Heroin
8622.0,0.9666,Heroin
8626.0,0.9667,Heroin
8630.0,0.9667,Heroin
8634.0,0.9667,Heroin
8638.0,0.9668,Heroin
8642.0,0.9668,Heroin
8646.0,0.9668,Heroin
8650.0,0.967,Heroin
8654.0,0.967,Heroin
8658.0,0.9671,Heroin
8662.0,0.9671,Heroin
8666.0,0.9671,Heroin
8670.0,0.9671,Heroin
8674.0,0.9673,Heroin
8678.0,0.9673,Heroin
8682.0,0.9674,Heroin
8686.0,0.9674,Heroin
8690.0,0.9675,Heroin
8694.0,0.9675,Heroin
8698.0,0.9675,Heroin
8702.0,0.9675,Heroin
8706.0,0.9675,Heroin
8710.0,0.9675,Heroin
8714.0,0.9675,Heroin
8718.0,0.9675,Heroin
8722.0,0.9675,Heroin
8726.0,0.9675,Heroin
8730.0,0.9675,Heroin
8734.0,0.9675,Heroin
8738.0,0.9675,Heroin
8742.0,0.9675,Heroin
8746.0,0.9675,Heroin
8750.0,0.9675,Heroin
8754.0,0.9675,Heroin
8758.0,0.9675,Heroin
8762.0,0.9675,Heroin
8766.0,0.9675,Heroin
8770.0,0.9675,Heroin
8774.0,0.9674,Heroin
8778.0,0.9671,Heroin
8782.0,0.9671,Heroin
8786.0,0.9671,Heroin
8790.0,0.9668,Heroin
8794.0,0.9667,Heroin
8798.0,0.9664,Heroin
8802.0,0.9662,Heroin
8806.0,0.9659,Heroin
8810.0,0.9656,Heroin
8814.0,0.9653,Heroin
8818.0,0.9649,Heroin
8822.0,0.9645,Heroin
8826.0,0.9641,Heroin
8830.0,0.9637,Heroin
8834.0,0.9633,Heroin
8838.0,0.9628,Heroin
8842.0,0.9625,Heroin
8846.0,0.9621,Heroin
8850.0,0.9618,Heroin
8854.0,0.9612,Heroin
8858.0,0.9605,Heroin
8862.0,0.9597,Heroin
8866.0,0.9589,Heroin
8870.0,0.9581,Heroin
8874.0,0.9573,Heroin
8878.0,0.957,Heroin
8882.0,0.9568,Heroin
8886.0,0.9565,Heroin
8890.0,0.9563,Heroin
8894.0,0.9561,Heroin
8898.0,0.9558,Heroin
8902.0,0.9555,Heroin
8906.0,0.9552,Heroin
8910.0,0.955,Heroin
8914.0,0.9549,Heroin
8918.0,0.9549,Heroin
8922.0,0.9549,Heroin
8926.0,0.9549,Heroin
8930.0,0.9547,Heroin
8934.0,0.9546,Heroin
8938.0,0.9544,Heroin
8942.0,0.9543,Heroin
8946.0,0.9542,Heroin
8950.0,0.9541,Heroin
8954.0,0.954,Heroin
8958.0,0.9539,Heroin
8962.0,0.9537,Heroin
8966.0,0.9536,Heroin
8970.0,0.9535,Heroin
8974.0,0.9534,Heroin
8978.0,0.9533,Heroin
8982.0,0.9531,Heroin
8986.0,0.953,Heroin
8990.0,0.9528,Heroin
8994.0,0.9528,Heroin
8998.0,0.9525,Heroin
9002.0,0.9524,Heroin
9006.0,0.9521,Heroin
9010.0,0.9518,Heroin
9014.0,0.9515,Heroin
9018.0,0.9513,Heroin
9022.0,0.951,Heroin
9026.0,0.9507,Heroin
9030.0,0.9504,Heroin
9034.0,0.9501,Heroin
9038.0,0.9499,Heroin
9042.0,0.9496,Heroin
9046.0,0.9493,Heroin
9050.0,0.949,Heroin
9054.0,0.9487,Heroin
9058.0,0.9484,Heroin
9062.0,0.9481,Heroin
9066.0,0.9478,Heroin
9070.0,0.9475,Heroin
9074.0,0.9471,Heroin
9078.0,0.9467,Heroin
9082.0,0.9464,Heroin
9086.0,0.946,Heroin
9090.0,0.9456,Heroin
9094.0,0.9452,Heroin
9098.0,0.9448,Heroin
9102.0,0.9445,Heroin
9106.0,0.944,Heroin
9110.0,0.9435,Heroin
9114.0,0.9431,Heroin
9118.0,0.9427,Heroin
9122.0,0.9421,Heroin
9126.0,0.9418,Heroin
9130.0,0.9413,Heroin
9134.0,0.9408,Heroin
9138.0,0.9404,Heroin
9142.0,0.9399,Heroin
9146.0,0.9394,Heroin
9150.0,0.9385,Heroin
9154.0,0.9375,Heroin
9158.0,0.9363,Heroin
9162.0,0.9352,Heroin
9166.0,0.9341,Heroin
9170.0,0.9327,Heroin
9174.0,0.9308,Heroin
9178.0,0.9287,Heroin
9182.0,0.9265,Heroin
9186.0,0.9243,Heroin
9190.0,0.922,Heroin
9194.0,0.9193,Heroin
9198.0,0.9165,Heroin
9202.0,0.914,Heroin
9206.0,0.9121,Heroin
9210.0,0.9105,Heroin
9214.0,0.909,Heroin
9218.0,0.9075,Heroin
9222.0,0.9059,Heroin
9226.0,0.9044,Heroin
9230.0,0.903,Heroin
9234.0,0.9018,Heroin
9238.0,0.901,Heroin
9242.0,0.9002,Heroin
9246.0,0.8994,Heroin
9250.0,0.8985,Heroin
9254.0,0.8977,Heroin
9258.0,0.8968,Heroin
9262.0,0.896,Heroin
9266.0,0.8951,Heroin
9270.0,0.8935,Heroin
9274.0,0.8916,Heroin
9278.0,0.8897,Heroin
9282.0,0.8877,Heroin
9286.0,0.8857,Heroin
9290.0,0.8838,Heroin
9294.0,0.8818,Heroin
9298.0,0.8796,Heroin
9302.0,0.8768,Heroin
9306.0,0.8735,Heroin
9310.0,0.8702,Heroin
9314.0,0.8668,Heroin
9318.0,0.8634,Heroin
9322.0,0.8601,Heroin
9326.0,0.8494,Heroin
9330.0,0.8325,Heroin
9334.0,0.8115,Heroin
9338.0,0.7907,Heroin
9342.0,0.7733,Heroin
9346.0,0.758,Heroin
9350.0,0.744,Heroin
9354.0,0.7305,Heroin
9358.0,0.7161,Heroin
9362.0,0.6981,Heroin
9366.0,0.6764,Heroin
9370.0,0.6525,Heroin
9374.0,0.6285,Heroin
9378.0,0.6045,Heroin
9382.0,0.5805,Heroin
9386.0,0.5564,Heroin
9390.0,0.5323,Heroin
9394.0,0.5082,Heroin
9398.0,0.4841,Heroin
9402.0,0.46,Heroin
9406.0,0.4358,Heroin
9410.0,0.4115,Heroin
9414.0,0.3872,Heroin
9418.0,0.363,Heroin
9422.0,0.3387,Heroin
9426.0,0.3144,Heroin
9430.0,0.29,Heroin
9434.0,0.2657,Heroin
9438.0,0.2412,Heroin
9442.0,0.2168,Heroin
9446.0,0.1923,Heroin
9450.0,0.1589,Heroin
9454.0,0.1589,Heroin
9458.0,0.1588,Heroin
9462.0,0.1644,Heroin
9466.0,0.1946,Heroin
9470.0,0.225,Heroin
9474.0,0.2554,Heroin
9478.0,0.2857,Heroin
9482.0,0.3162,Heroin
9486.0,0.3466,Heroin
9490.0,0.3771,Heroin
9494.0,0.391,Heroin
9498.0,0.3927,Heroin
9502.0,0.3897,Heroin
9506.0,0.3643,Heroin
9510.0,0.3389,Heroin
9514.0,0.3134,Heroin
9518.0,0.2881,Heroin
9522.0,0.2626,Heroin
9526.0,0.2371,Heroin
9530.0,0.2116,Heroin
9534.0,0.1679,Heroin
9538.0,0.1687,Heroin
9542.0,0.1674,Heroin
9546.0,0.1807,Heroin
9550.0,0.2178,Heroin
9554.0,0.2569,Heroin
9558.0,0.296,Heroin
9562.0,0.335,Heroin
9566.0,0.3743,Heroin
9570.0,0.4136,Heroin
9574.0,0.4528,Heroin
9578.0,0.4921,Heroin
9582.0,0.5315,Heroin
9586.0,0.571,Heroin
9590.0,0.6105,Heroin
9594.0,0.6619,Heroin
9598.0,0.711,Heroin
9602.0,0.7444,Heroin
9606.0,0.761,Heroin
9610.0,0.7698,Heroin
9614.0,0.7785,Heroin
9618.0,0.7856,Heroin
9622.0,0.7917,Heroin
9626.0,0.7975,Heroin
9630.0,0.8031,Heroin
9634.0,0.8081,Heroin
9638.0,0.8119,Heroin
9642.0,0.8158,Heroin
9646.0,0.8195,Heroin
9650.0,0.8233,Heroin
9654.0,0.827,Heroin
9658.0,0.8306,Heroin
9662.0,0.8343,Heroin
9666.0,0.8358,Heroin
9670.0,0.8371,Heroin
9674.0,0.8387,Heroin
9678.0,0.8401,Heroin
9682.0,0.8414,Heroin
9686.0,0.8424,Heroin
9690.0,0.8435,Heroin
9694.0,0.8445,Heroin
9698.0,0.8455,Heroin
9702.0,0.8475,Heroin
9706.0,0.8504,Heroin
9710.0,0.8541,Heroin
9714.0,0.8595,Heroin
9718.0,0.8648,Heroin
9722.0,0.8686,Heroin
9726.0,0.872,Heroin
9730.0,0.8755,Heroin
9734.0,0.8789,Heroin
9738.0,0.8823,Heroin
9742.0,0.8856,Heroin
9746.0,0.889,Heroin
9750.0,0.8915,Heroin
9754.0,0.8937,Heroin
9758.0,0.8957,Heroin
9762.0,0.8978,Heroin
9766.0,0.8998,Heroin
9770.0,0.9012,Heroin
9774.0,0.9027,Heroin
9778.0,0.9039,Heroin
9782.0,0.9046,Heroin
9786.0,0.9053,Heroin
9790.0,0.9059,Heroin
9794.0,0.9066,Heroin
9798.0,0.9073,Heroin
9802.0,0.9078,Heroin
9806.0,0.9083,Heroin
9810.0,0.9085,Heroin
9814.0,0.9109,Heroin
9818.0,0.9089,Heroin
9822.0,0.909,Heroin
9826.0,0.9091,Heroin
9830.0,0.9092,Heroin
9834.0,0.9091,Heroin
9838.0,0.9089,Heroin
9842.0,0.9087,Heroin
9846.0,0.9084,Heroin
9850.0,0.9082,Heroin
9854.0,0.9077,Heroin
9858.0,0.9068,Heroin
9862.0,0.9057,Heroin
9866.0,0.9044,Heroin
9870.0,0.9031,Heroin
9874.0,0.9013,Heroin
9878.0,0.899,Heroin
9882.0,0.8967,Heroin
9886.0,0.8946,Heroin
9890.0,0.8925,Heroin
9894.0,0.8906,Heroin
9898.0,0.8891,Heroin
9902.0,0.8881,Heroin
9906.0,0.8871,Heroin
9910.0,0.8863,Heroin
9914.0,0.8854,Heroin
9918.0,0.8849,Heroin
9922.0,0.8845,Heroin
9926.0,0.8841,Heroin
9930.0,0.8837,Heroin
9934.0,0.8833,Heroin
9938.0,0.8825,Heroin
9942.0,0.8812,Heroin
9946.0,0.8795,Heroin
9950.0,0.8775,Heroin
9954.0,0.8751,Heroin
9958.0,0.8725,Heroin
9962.0,0.8699,Heroin
9966.0,0.8664,Heroin
9970.0,0.8627,Heroin
9974.0,0.8586,Heroin
9978.0,0.8533,Heroin
9982.0,0.8442,Heroin
9986.0,0.8284,Heroin
9990.0,0.809,Heroin
9994.0,0.7895,Heroin
9998.0,0.7699,Heroin
10002.0,0.7504,Heroin
10006.0,0.7308,Heroin
10010.0,0.6901,Heroin
10014.0,0.6925,Heroin
10018.0,0.6911,Heroin
10022.0,0.7022,Heroin
10026.0,0.7281,Heroin
10030.0,0.7551,Heroin
10034.0,0.7822,Heroin
10038.0,0.8026,Heroin
10042.0,0.8155,Heroin
10046.0,0.8262,Heroin
10050.0,0.8378,Heroin
10054.0,0.8494,Heroin
10058.0,0.8574,Heroin
10062.0,0.8618,Heroin
10066.0,0.8662,Heroin
10070.0,0.8705,Heroin
10074.0,0.8749,Heroin
10078.0,0.879,Heroin
10082.0,0.8817,Heroin
10086.0,0.8844,Heroin
10090.0,0.887,Heroin
10094.0,0.8897,Heroin
10098.0,0.8923,Heroin
10102.0,0.895,Heroin
10106.0,0.8977,Heroin
10110.0,0.9004,Heroin
10114.0,0.9024,Heroin
10118.0,0.9042,Heroin
10122.0,0.906,Heroin
10126.0,0.9078,Heroin
10130.0,0.9095,Heroin
10134.0,0.9114,Heroin
10138.0,0.9131,Heroin
10142.0,0.9143,Heroin
10146.0,0.9151,Heroin
10150.0,0.9161,Heroin
10154.0,0.917,Heroin
10158.0,0.9178,Heroin
10162.0,0.9188,Heroin
10166.0,0.9197,Heroin
10170.0,0.9206,Heroin
10174.0,0.9215,Heroin
10178.0,0.9224,Heroin
10182.0,0.9231,Heroin
10186.0,0.9235,Heroin
10190.0,0.924,Heroin
10194.0,0.9244,Heroin
10198.0,0.9248,Heroin
10202.0,0.9252,Heroin
10206.0,0.9257,Heroin
10210.0,0.9261,Heroin
10214.0,0.9265,Heroin
10218.0,0.9268,Heroin
10222.0,0.9273,Heroin
10226.0,0.9277,Heroin
10230.0,0.9278,Heroin
10234.0,0.9281,Heroin
10238.0,0.9282,Heroin
10242.0,0.9286,Heroin
10246.0,0.9286,Heroin
10250.0,0.9286,Heroin
10254.0,0.9288,Heroin
10258.0,0.9289,Heroin
10262.0,0.9291,Heroin
10266.0,0.9292,Heroin
10270.0,0.9293,Heroin
10274.0,0.9295,Heroin
10278.0,0.9296,Heroin
10282.0,0.9296,Heroin
10286.0,0.9296,Heroin
10290.0,0.9295,Heroin
10294.0,0.9294,Heroin
10298.0,0.9293,Heroin
10302.0,0.9293,Heroin
10306.0,0.9292,Heroin
10310.0,0.9291,Heroin
10314.0,0.929,Heroin
10318.0,0.9289,Heroin
10322.0,0.9288,Heroin
10326.0,0.9287,Heroin
10330.0,0.9286,Heroin
10334.0,0.9283,Heroin
10338.0,0.9278,Heroin
10342.0,0.9275,Heroin
10346.0,0.9271,Heroin
10350.0,0.9268,Heroin
10354.0,0.9265,Heroin
10358.0,0.9262,Heroin
10362.0,0.9259,Heroin
10366.0,0.9254,Heroin
10370.0,0.9251,Heroin
10374.0,0.9245,Heroin
10378.0,0.9237,Heroin
10382.0,0.9228,Heroin
10386.0,0.9221,Heroin
10390.0,0.9213,Heroin
10394.0,0.9205,Heroin
10398.0,0.9197,Heroin
10402.0,0.9189,Heroin
10406.0,0.9181,Heroin
10410.0,0.9171,Heroin
10414.0,0.9158,Heroin
10418.0,0.9144,Heroin
10422.0,0.913,Heroin
10426.0,0.9117,Heroin
10430.0,0.9104,Heroin
10434.0,0.909,Heroin
10438.0,0.9075,Heroin
10442.0,0.9054,Heroin
10446.0,0.903,Heroin
10450.0,0.9006,Heroin
10454.0,0.8982,Heroin
10458.0,0.8958,Heroin
10462.0,0.8932,Heroin
10466.0,0.8899,Heroin
10470.0,0.8862,Heroin
10474.0,0.8825,Heroin
10478.0,0.8789,Heroin
10482.0,0.8725,Heroin
10486.0,0.8655,Heroin
10490.0,0.8583,Heroin
10494.0,0.8511,Heroin
10498.0,0.8433,Heroin
10502.0,0.8355,Heroin
10506.0,0.8274,Heroin
10510.0,0.8182,Heroin
10514.0,0.8055,Heroin
10518.0,0.7931,Heroin
10522.0,0.7836,Heroin
10526.0,0.7758,Heroin
10530.0,0.7401,Heroin
10534.0,0.7019,Heroin
10538.0,0.6637,Heroin
10542.0,0.6254,Heroin
10546.0,0.587,Heroin
10550.0,0.551,Heroin
10554.0,0.5376,Heroin
10558.0,0.538,Heroin
10562.0,0.5822,Heroin
10566.0,0.6151,Heroin
10570.0,0.6482,Heroin
10574.0,0.6811,Heroin
10578.0,0.7143,Heroin
10582.0,0.7442,Heroin
10586.0,0.7574,Heroin
10590.0,0.76,Heroin
10594.0,0.7626,Heroin
10598.0,0.7661,Heroin
10602.0,0.7697,Heroin
10606.0,0.7735,Heroin
10610.0,0.7785,Heroin
10614.0,0.7836,Heroin
10618.0,0.7906,Heroin
10622.0,0.7991,Heroin
10626.0,0.8061,Heroin
10630.0,0.814,Heroin
10634.0,0.8216,Heroin
10638.0,0.8232,Heroin
10642.0,0.826,Heroin
10646.0,0.8253,Heroin
10650.0,0.8128,Heroin
10654.0,0.7868,Heroin
10658.0,0.7592,Heroin
10662.0,0.7314,Heroin
10666.0,0.7036,Heroin
10670.0,0.6758,Heroin
10674.0,0.648,Heroin
10678.0,0.62,Heroin
10682.0,0.592,Heroin
10686.0,0.564,Heroin
10690.0,0.536,Heroin
10694.0,0.508,Heroin
10698.0,0.4799,Heroin
10702.0,0.4517,Heroin
10706.0,0.4236,Heroin
10710.0,0.3954,Heroin
10714.0,0.367,Heroin
10718.0,0.3306,Heroin
10722.0,0.331,Heroin
10726.0,0.3309,Heroin
10730.0,0.3771,Heroin
10734.0,0.4325,Heroin
10738.0,0.488,Heroin
10742.0,0.5436,Heroin
10746.0,0.5992,Heroin
10750.0,0.6246,Heroin
10754.0,0.6356,Heroin
10758.0,0.6468,Heroin
10762.0,0.6601,Heroin
10766.0,0.6743,Heroin
10770.0,0.6854,Heroin
10774.0,0.6953,Heroin
10778.0,0.7033,Heroin
10782.0,0.7096,Heroin
10786.0,0.716,Heroin
10790.0,0.7217,Heroin
10794.0,0.7257,Heroin
10798.0,0.7288,Heroin
10802.0,0.7306,Heroin
10806.0,0.7325,Heroin
10810.0,0.7344,Heroin
10814.0,0.7371,Heroin
10818.0,0.7401,Heroin
10822.0,0.7445,Heroin
10826.0,0.7501,Heroin
10830.0,0.7549,Heroin
10834.0,0.7589,Heroin
10838.0,0.7621,Heroin
10842.0,0.7641,Heroin
10846.0,0.766,Heroin
10850.0,0.7678,Heroin
10854.0,0.7697,Heroin
10858.0,0.7755,Heroin
10862.0,0.7849,Heroin
10866.0,0.7925,Heroin
10870.0,0.8007,Heroin
10874.0,0.8125,Heroin
10878.0,0.8246,Heroin
10882.0,0.8344,Heroin
10886.0,0.8414,Heroin
10890.0,0.8452,Heroin
10894.0,0.8471,Heroin
10898.0,0.8492,Heroin
10902.0,0.8508,Heroin
10906.0,0.8509,Heroin
10910.0,0.853,Heroin
10914.0,0.8486,Heroin
10918.0,0.8474,Heroin
10922.0,0.8459,Heroin
10926.0,0.8441,Heroin
10930.0,0.8423,Heroin
10934.0,0.8405,Heroin
10938.0,0.8387,Heroin
10942.0,0.8368,Heroin
10946.0,0.835,Heroin
10950.0,0.8323,Heroin
10954.0,0.8294,Heroin
10958.0,0.8265,Heroin
10962.0,0.8236,Heroin
10966.0,0.82,Heroin
10970.0,0.8149,Heroin
10974.0,0.8093,Heroin
10978.0,0.8037,Heroin
10982.0,0.7972,Heroin
10986.0,0.7874,Heroin
10990.0,0.7764,Heroin
10994.0,0.7622,Heroin
10998.0,0.7458,Heroin
11002.0,0.7215,Heroin
11006.0,0.6871,Heroin
11010.0,0.6461,Heroin
11014.0,0.6036,Heroin
11018.0,0.561,Heroin
11022.0,0.5185,Heroin
11026.0,0.4758,Heroin
11030.0,0.433,Heroin
11034.0,0.3903,Heroin
11038.0,0.3475,Heroin
11042.0,0.3083,Heroin
11046.0,0.2958,Heroin
11050.0,0.2954,Heroin
11054.0,0.2954,Heroin
11058.0,0.306,Heroin
11062.0,0.3384,Heroin
11066.0,0.375,Heroin
11070.0,0.4115,Heroin
11074.0,0.4481,Heroin
11078.0,0.4848,Heroin
11082.0,0.5215,Heroin
11086.0,0.5584,Heroin
11090.0,0.6758,Heroin
11094.0,0.632,Heroin
11098.0,0.669,Heroin
11102.0,0.6747,Heroin
11106.0,0.6692,Heroin
11110.0,0.6637,Heroin
11114.0,0.6582,Heroin
11118.0,0.653,Heroin
11122.0,0.6531,Heroin
11126.0,0.6543,Heroin
11130.0,0.6721,Heroin
11134.0,0.6961,Heroin
11138.0,0.7201,Heroin
11142.0,0.7441,Heroin
11146.0,0.7681,Heroin
11150.0,0.7861,Heroin
11154.0,0.7919,Heroin
11158.0,0.7976,Heroin
11162.0,0.8032,Heroin
11166.0,0.8088,Heroin
11170.0,0.8141,Heroin
11174.0,0.8196,Heroin
11178.0,0.8235,Heroin
11182.0,0.8264,Heroin
11186.0,0.8293,Heroin
11190.0,0.832,Heroin
11194.0,0.8336,Heroin
11198.0,0.8351,Heroin
11202.0,0.8366,Heroin
11206.0,0.8378,Heroin
11210.0,0.839,Heroin
11214.0,0.8384,Heroin
11218.0,0.8402,Heroin
11222.0,0.8381,Heroin
11226.0,0.8298,Heroin
11230.0,0.8201,Heroin
11234.0,0.8105,Heroin
11238.0,0.8008,Heroin
11242.0,0.7911,Heroin
11246.0,0.7815,Heroin
11250.0,0.7799,Heroin
11254.0,0.7799,Heroin
11258.0,0.7817,Heroin
11262.0,0.7841,Heroin
11266.0,0.7865,Heroin
11270.0,0.7926,Heroin
11274.0,0.7992,Heroin
11278.0,0.8068,Heroin
11282.0,0.818,Heroin
11286.0,0.8264,Heroin
11290.0,0.8339,Heroin
11294.0,0.8409,Heroin
11298.0,0.8453,Heroin
11302.0,0.8485,Heroin
11306.0,0.8515,Heroin
11310.0,0.8528,Heroin
11314.0,0.8535,Heroin
11318.0,0.8537,Heroin
11322.0,0.8514,Heroin
11326.0,0.8491,Heroin
11330.0,0.8444,Heroin
11334.0,0.8394,Heroin
11338.0,0.8309,Heroin
11342.0,0.8211,Heroin
11346.0,0.8121,Heroin
11350.0,0.8033,Heroin
11354.0,0.7937,Heroin
11358.0,0.7828,Heroin
11362.0,0.7718,Heroin
11366.0,0.7565,Heroin
11370.0,0.7368,Heroin
11374.0,0.7171,Heroin
11378.0,0.6974,Heroin
11382.0,0.6776,Heroin
11386.0,0.658,Heroin
11390.0,0.6421,Heroin
11394.0,0.6399,Heroin
11398.0,0.6447,Heroin
11402.0,0.6588,Heroin
11406.0,0.673,Heroin
11410.0,0.6871,Heroin
11414.0,0.7014,Heroin
11418.0,0.7156,Heroin
11422.0,0.7282,Heroin
11426.0,0.7289,Heroin
11430.0,0.7141,Heroin
11434.0,0.6991,Heroin
11438.0,0.6842,Heroin
11442.0,0.6692,Heroin
11446.0,0.6542,Heroin
11450.0,0.6396,Heroin
11454.0,0.6425,Heroin
11458.0,0.6493,Heroin
11462.0,0.6564,Heroin
11466.0,0.6636,Heroin
11470.0,0.6707,Heroin
11474.0,0.6771,Heroin
11478.0,0.6771,Heroin
11482.0,0.6641,Heroin
11486.0,0.6484,Heroin
11490.0,0.6325,Heroin
11494.0,0.6165,Heroin
11498.0,0.6006,Heroin
11502.0,0.5847,Heroin
11506.0,0.5687,Heroin
11510.0,0.5527,Heroin
11514.0,0.5367,Heroin
11518.0,0.5207,Heroin
11522.0,0.5047,Heroin
11526.0,0.4888,Heroin
11530.0,0.4694,Heroin
11534.0,0.4448,Heroin
11538.0,0.3889,Heroin
11542.0,0.347,Heroin
11546.0,0.3247,Heroin
11550.0,0.3023,Heroin
11554.0,0.28,Heroin
11558.0,0.2575,Heroin
11562.0,0.2351,Heroin
11566.0,0.2126,Heroin
11570.0,0.1901,Heroin
11574.0,0.1675,Heroin
11578.0,0.1448,Heroin
11582.0,0.1245,Heroin
11586.0,0.1092,Heroin
11590.0,0.0942,Heroin
11594.0,0.0797,Heroin
11598.0,0.071,Heroin
11602.0,0.0666,Heroin
11606.0,0.0619,Heroin
11610.0,0.0686,Heroin
11614.0,0.0754,Heroin
11618.0,0.0839,Heroin
11622.0,0.0926,Heroin
11626.0,0.1034,Heroin
11630.0,0.1149,Heroin
11634.0,0.1275,Heroin
11638.0,0.1451,Heroin
11642.0,0.1716,Heroin
11646.0,0.1995,Heroin
11650.0,0.2277,Heroin
11654.0,0.2558,Heroin
11658.0,0.284,Heroin
11662.0,0.3122,Heroin
11666.0,0.3399,Heroin
11670.0,0.3372,Heroin
11674.0,0.3076,Heroin
11678.0,0.2712,Heroin
11682.0,0.2346,Heroin
11686.0,0.1633,Heroin
11690.0,0.1633,Heroin
11694.0,0.1632,Heroin
11698.0,0.186,Heroin
11702.0,0.2139,Heroin
11706.0,0.2419,Heroin
11710.0,0.27,Heroin
11714.0,0.2981,Heroin
11718.0,0.3262,Heroin
11722.0,0.3544,Heroin
11726.0,0.3827,Heroin
11730.0,0.4215,Heroin
11734.0,0.4231,Heroin
11738.0,0.3914,Heroin
11742.0,0.3474,Heroin
11746.0,0.3034,Heroin
11750.0,0.2594,Heroin
11754.0,0.2152,Heroin
11758.0,0.171,Heroin
11762.0,0.0996,Heroin
11766.0,0.0999,Heroin
11770.0,0.1228,Heroin
11774.0,0.1643,Heroin
11778.0,0.206,Heroin
11782.0,0.2477,Heroin
11786.0,0.2895,Heroin
11790.0,0.3314,Heroin
11794.0,0.3732,Heroin
11798.0,0.3877,Heroin
11802.0,0.389,Heroin
11806.0,0.4046,Heroin
11810.0,0.4308,Heroin
11814.0,0.4569,Heroin
11818.0,0.521,Heroin
11822.0,0.5093,Heroin
11826.0,0.5236,Heroin
11830.0,0.5083,Heroin
11834.0,0.4831,Heroin
11838.0,0.4581,Heroin
11842.0,0.4142,Heroin
11846.0,0.4114,Heroin
11850.0,0.4132,Heroin
11854.0,0.4439,Heroin
11858.0,0.4878,Heroin
11862.0,0.5317,Heroin
11866.0,0.5757,Heroin
11870.0,0.6197,Heroin
11874.0,0.6639,Heroin
11878.0,0.7062,Heroin
11882.0,0.7068,Heroin
11886.0,0.6994,Heroin
11890.0,0.6632,Heroin
11894.0,0.6269,Heroin
11898.0,0.5905,Heroin
11902.0,0.554,Heroin
11906.0,0.5148,Heroin
11910.0,0.5144,Heroin
11914.0,0.5235,Heroin
11918.0,0.5372,Heroin
11922.0,0.5508,Heroin
11926.0,0.5748,Heroin
11930.0,0.5752,Heroin
11934.0,0.558,Heroin
11938.0,0.5256,Heroin
11942.0,0.4932,Heroin
11946.0,0.4433,Heroin
11950.0,0.442,Heroin
11954.0,0.4696,Heroin
11958.0,0.5324,Heroin
11962.0,0.5956,Heroin
11966.0,0.6589,Heroin
11970.0,0.7098,Heroin
11974.0,0.7226,Heroin
11978.0,0.7336,Heroin
11982.0,0.7321,Heroin
11986.0,0.7319,Heroin
11990.0,0.7221,Heroin
11994.0,0.7098,Heroin
11998.0,0.7076,Heroin
12002.0,0.7132,Heroin
12006.0,0.7271,Heroin
12010.0,0.7412,Heroin
12014.0,0.7554,Heroin
12018.0,0.7696,Heroin
12022.0,0.7951,Heroin
12026.0,0.7912,Heroin
12030.0,0.7919,Heroin
12034.0,0.7851,Heroin
12038.0,0.7758,Heroin
12042.0,0.7631,Heroin
12046.0,0.7636,Heroin
12050.0,0.7639,Heroin
12054.0,0.7671,Heroin
12058.0,0.7758,Heroin
12062.0,0.7811,Heroin
12066.0,0.7881,Heroin
12070.0,0.7843,Heroin
12074.0,0.7688,Heroin
12078.0,0.7403,Heroin
12082.0,0.7115,Heroin
12086.0,0.683,Heroin
12090.0,0.6412,Heroin
12094.0,0.6428,Heroin
12098.0,0.6715,Heroin
12102.0,0.7032,Heroin
12106.0,0.7349,Heroin
12110.0,0.7542,Heroin
12114.0,0.7491,Heroin
12118.0,0.7091,Heroin
12122.0,0.6683,Heroin
12126.0,0.6274,Heroin
12130.0,0.5865,Heroin
12134.0,0.5455,Heroin
12138.0,0.5087,Heroin
12142.0,0.5017,Heroin
12146.0,0.5254,Heroin
12150.0,0.5953,Heroin
12154.0,0.6653,Heroin
12158.0,0.7206,Heroin
12162.0,0.749,Heroin
12166.0,0.7601,Heroin
12170.0,0.7626,Heroin
12174.0,0.7651,Heroin
12178.0,0.7689,Heroin
12182.0,0.7764,Heroin
12186.0,0.7915,Heroin
12190.0,0.8018,Heroin
12194.0,0.8121,Heroin
12198.0,0.8218,Heroin
12202.0,0.831,Heroin
12206.0,0.8375,Heroin
12210.0,0.8431,Heroin
12214.0,0.8478,Heroin
12218.0,0.8467,Heroin
12222.0,0.8467,Heroin
12226.0,0.8466,Heroin
12230.0,0.8415,Heroin
12234.0,0.8354,Heroin
12238.0,0.8251,Heroin
12242.0,0.811,Heroin
12246.0,0.7935,Heroin
12250.0,0.7767,Heroin
12254.0,0.7632,Heroin
12258.0,0.7551,Heroin
12262.0,0.7546,Heroin
12266.0,0.7541,Heroin
12270.0,0.7535,Heroin
12274.0,0.7485,Heroin
12278.0,0.7411,Heroin
12282.0,0.7288,Heroin
12286.0,0.7157,Heroin
12290.0,0.6943,Heroin
12294.0,0.6708,Heroin
12298.0,0.6418,Heroin
12302.0,0.6118,Heroin
12306.0,0.553,Heroin
12310.0,0.5186,Heroin
12314.0,0.4531,Heroin
12318.0,0.3876,Heroin
12322.0,0.3218,Heroin
12326.0,0.2784,Heroin
12330.0,0.2789,Heroin
12334.0,0.3007,Heroin
12338.0,0.3216,Heroin
12342.0,0.3354,Heroin
12346.0,0.3558,Heroin
12350.0,0.3857,Heroin
12354.0,0.4157,Heroin
12358.0,0.4458,Heroin
12362.0,0.4758,Heroin
12366.0,0.5265,Heroin
12370.0,0.528,Heroin
12374.0,0.5225,Heroin
12378.0,0.4716,Heroin
12382.0,0.4208,Heroin
12386.0,0.3697,Heroin
12390.0,0.347,Heroin
12394.0,0.3625,Heroin
12398.0,0.4148,Heroin
12402.0,0.4681,Heroin
12406.0,0.5214,Heroin
12410.0,0.5748,Heroin
12414.0,0.6283,Heroin
12418.0,0.6818,Heroin
12422.0,0.7146,Heroin
12426.0,0.7368,Heroin
12430.0,0.7562,Heroin
12434.0,0.7671,Heroin
12438.0,0.7751,Heroin
12442.0,0.7791,Heroin
12446.0,0.7821,Heroin
12450.0,0.7856,Heroin
12454.0,0.784,Heroin
12458.0,0.7801,Heroin
12462.0,0.7728,Heroin
12466.0,0.763,Heroin
12470.0,0.7496,Heroin
12474.0,0.7356,Heroin
12478.0,0.7215,Heroin
12482.0,0.7085,Heroin
12486.0,0.6954,Heroin
12490.0,0.6821,Heroin
12494.0,0.6661,Heroin
12498.0,0.6492,Heroin
12502.0,0.6254,Heroin
12506.0,0.6319,Heroin
12510.0,0.6358,Heroin
12514.0,0.6457,Heroin
12518.0,0.6662,Heroin
12522.0,0.6875,Heroin
12526.0,0.7069,Heroin
12530.0,0.7261,Heroin
12534.0,0.7454,Heroin
12538.0,0.7645,Heroin
12542.0,0.7832,Heroin
12546.0,0.7994,Heroin
12550.0,0.8133,Heroin
12554.0,0.8218,Heroin
12558.0,0.83,Heroin
12562.0,0.8355,Heroin
12566.0,0.8386,Heroin
12570.0,0.8408,Heroin
12574.0,0.8464,Heroin
12578.0,0.8427,Heroin
12582.0,0.8407,Heroin
12586.0,0.8328,Heroin
12590.0,0.8107,Heroin
12594.0,0.7906,Heroin
12598.0,0.7604,Heroin
12602.0,0.7662,Heroin
12606.0,0.766,Heroin
12610.0,0.7765,Heroin
12614.0,0.7889,Heroin
12618.0,0.7936,Heroin
12622.0,0.7882,Heroin
12626.0,0.7756,Heroin
12630.0,0.7321,Heroin
12634.0,0.734,Heroin
12638.0,0.7376,Heroin
12642.0,0.7519,Heroin
12646.0,0.7746,Heroin
12650.0,0.8017,Heroin
12654.0,0.8208,Heroin
12658.0,0.8343,Heroin
12662.0,0.8414,Heroin
12666.0,0.84,Heroin
12670.0,0.8357,Heroin
12674.0,0.8201,Heroin
12678.0,0.7918,Heroin
12682.0,0.7633,Heroin
12686.0,0.7348,Heroin
12690.0,0.7103,Heroin
12694.0,0.719,Heroin
12698.0,0.7355,Heroin
12702.0,0.7571,Heroin
12706.0,0.7724,Heroin
12710.0,0.7851,Heroin
12714.0,0.7954,Heroin
12718.0,0.8055,Heroin
12722.0,0.8155,Heroin
12726.0,0.8221,Heroin
12730.0,0.8273,Heroin
12734.0,0.8328,Heroin
12738.0,0.8282,Heroin
12742.0,0.8258,Heroin
12746.0,0.8212,Heroin
12750.0,0.8143,Heroin
12754.0,0.8038,Heroin
12758.0,0.7867,Heroin
12762.0,0.7545,Heroin
12766.0,0.7214,Heroin
12770.0,0.6881,Heroin
12774.0,0.6206,Heroin
12778.0,0.6241,Heroin
12782.0,0.6258,Heroin
12786.0,0.6657,Heroin
12790.0,0.7057,Heroin
12794.0,0.7458,Heroin
12798.0,0.7833,Heroin
12802.0,0.8031,Heroin
12806.0,0.8221,Heroin
12810.0,0.8378,Heroin
12814.0,0.8517,Heroin
12818.0,0.8643,Heroin
12822.0,0.8721,Heroin
12826.0,0.88,Heroin
12830.0,0.8865,Heroin
12834.0,0.8921,Heroin
12838.0,0.8947,Heroin
12842.0,0.8971,Heroin
12846.0,0.899,Heroin
12850.0,0.902,Heroin
12854.0,0.9021,Heroin
12858.0,0.9024,Heroin
12862.0,0.9017,Heroin
12866.0,0.8978,Heroin
12870.0,0.8932,Heroin
12874.0,0.8861,Heroin
12878.0,0.8783,Heroin
12882.0,0.8671,Heroin
12886.0,0.8531,Heroin
12890.0,0.8302,Heroin
12894.0,0.7941,Heroin
12898.0,0.751,Heroin
12902.0,0.7017,Heroin
12906.0,0.6522,Heroin
12910.0,0.6027,Heroin
12914.0,0.5839,Heroin
12918.0,0.6115,Heroin
12922.0,0.6486,Heroin
12926.0,0.6857,Heroin
12930.0,0.7228,Heroin
12934.0,0.7601,Heroin
12938.0,0.7964,Heroin
12942.0,0.8147,Heroin
12946.0,0.8294,Heroin
12950.0,0.8402,Heroin
12954.0,0.8485,Heroin
12958.0,0.8454,Heroin
12962.0,0.8456,Heroin
12966.0,0.8346,Heroin
12970.0,0.8156,Heroin
12974.0,0.7954,Heroin
12978.0,0.7805,Heroin
12982.0,0.7717,Heroin
12986.0,0.7628,Heroin
12990.0,0.7514,Heroin
12994.0,0.7003,Heroin
12998.0,0.6447,Heroin
13002.0,0.5915,Heroin
13006.0,0.5919,Heroin
13010.0,0.616,Heroin
13014.0,0.6531,Heroin
13018.0,0.6901,Heroin
13022.0,0.7274,Heroin
13026.0,0.7647,Heroin
13030.0,0.7964,Heroin
13034.0,0.8139,Heroin
13038.0,0.8287,Heroin
13042.0,0.8386,Heroin
13046.0,0.8447,Heroin
13050.0,0.8471,Heroin
13054.0,0.8475,Heroin
13058.0,0.8433,Heroin
13062.0,0.834,Heroin
13066.0,0.8257,Heroin
13070.0,0.8162,Heroin
13074.0,0.8204,Heroin
13078.0,0.8231,Heroin
13082.0,0.8324,Heroin
13086.0,0.843,Heroin
13090.0,0.8555,Heroin
13094.0,0.8661,Heroin
13098.0,0.8753,Heroin
13102.0,0.8836,Heroin
13106.0,0.8901,Heroin
13110.0,0.8965,Heroin
13114.0,0.9016,Heroin
13118.0,0.9051,Heroin
13122.0,0.9068,Heroin
13126.0,0.9087,Heroin
13130.0,0.909,Heroin
13134.0,0.9093,Heroin
13138.0,0.9155,Heroin
13142.0,0.9099,Heroin
13146.0,0.91,Heroin
13150.0,0.91,Heroin
13154.0,0.9093,Heroin
13158.0,0.9087,Heroin
13162.0,0.9071,Heroin
13166.0,0.9048,Heroin
13170.0,0.9004,Heroin
13174.0,0.8912,Heroin
13178.0,0.8767,Heroin
13182.0,0.8612,Heroin
13186.0,0.8458,Heroin
13190.0,0.8297,Heroin
13194.0,0.8099,Heroin
13198.0,0.7465,Heroin
13202.0,0.7018,Heroin
13206.0,0.6534,Heroin
13210.0,0.6618,Heroin
13214.0,0.7128,Heroin
13218.0,0.764,Heroin
13222.0,0.8153,Heroin
13226.0,0.848,Heroin
13230.0,0.86,Heroin
13234.0,0.8653,Heroin
13238.0,0.8706,Heroin
13242.0,0.8667,Heroin
13246.0,0.8544,Heroin
13250.0,0.8392,Heroin
13254.0,0.8252,Heroin
13258.0,0.815,Heroin
13262.0,0.8164,Heroin
13266.0,0.8158,Heroin
13270.0,0.785,Heroin
13274.0,0.7243,Heroin
13278.0,0.6714,Heroin
13282.0,0.6726,Heroin
13286.0,0.7111,Heroin
13290.0,0.7515,Heroin
13294.0,0.7985,Heroin
13298.0,0.8261,Heroin
13302.0,0.8397,Heroin
13306.0,0.8512,Heroin
13310.0,0.8573,Heroin
13314.0,0.8636,Heroin
13318.0,0.8687,Heroin
13322.0,0.8732,Heroin
13326.0,0.8777,Heroin
13330.0,0.8816,Heroin
13334.0,0.884,Heroin
13338.0,0.8865,Heroin
13342.0,0.8892,Heroin
13346.0,0.8925,Heroin
13350.0,0.8957,Heroin
13354.0,0.8986,Heroin
13358.0,0.901,Heroin
13362.0,0.9034,Heroin
13366.0,0.9058,Heroin
13370.0,0.9078,Heroin
13374.0,0.9093,Heroin
13378.0,0.9112,Heroin
13382.0,0.9078,Heroin
13386.0,0.9054,Heroin
13390.0,0.9018,Heroin
13394.0,0.8975,Heroin
13398.0,0.8908,Heroin
13402.0,0.8828,Heroin
13406.0,0.8728,Heroin
13410.0,0.8566,Heroin
13414.0,0.8337,Heroin
13418.0,0.8057,Heroin
13422.0,0.7764,Heroin
13426.0,0.7499,Heroin
13430.0,0.7245,Heroin
13434.0,0.695,Heroin
13438.0,0.6593,Heroin
13442.0,0.6144,Heroin
13446.0,0.5682,Heroin
13450.0,0.557,Heroin
13454.0,0.5639,Heroin
13458.0,0.5946,Heroin
13462.0,0.6309,Heroin
13466.0,0.6671,Heroin
13470.0,0.7037,Heroin
13474.0,0.7403,Heroin
13478.0,0.7661,Heroin
13482.0,0.7601,Heroin
13486.0,0.744,Heroin
13490.0,0.7341,Heroin
13494.0,0.74,Heroin
13498.0,0.7651,Heroin
13502.0,0.7961,Heroin
13506.0,0.8274,Heroin
13510.0,0.8587,Heroin
13514.0,0.874,Heroin
13518.0,0.8807,Heroin
13522.0,0.8844,Heroin
13526.0,0.889,Heroin
13530.0,0.8975,Heroin
13534.0,0.9064,Heroin
13538.0,0.9149,Heroin
13542.0,0.9184,Heroin
13546.0,0.9175,Heroin
13550.0,0.9153,Heroin
13554.0,0.9147,Heroin
13558.0,0.9159,Heroin
13562.0,0.922,Heroin
13566.0,0.9221,Heroin
13570.0,0.915,Heroin
13574.0,0.9057,Heroin
13578.0,0.8999,Heroin
13582.0,0.8975,Heroin
13586.0,0.8986,Heroin
13590.0,0.9009,Heroin
13594.0,0.9005,Heroin
13598.0,0.8989,Heroin
13602.0,0.8983,Heroin
13606.0,0.9004,Heroin
13610.0,0.9049,Heroin
13614.0,0.9087,Heroin
13618.0,0.9096,Heroin
13622.0,0.904,Heroin
13626.0,0.8849,Heroin
13630.0,0.8688,Heroin
13634.0,0.854,Heroin
13638.0,0.838,Heroin
13642.0,0.8389,Heroin
13646.0,0.8477,Heroin
13650.0,0.8581,Heroin
13654.0,0.8692,Heroin
13658.0,0.8803,Heroin
13662.0,0.8914,Heroin
13666.0,0.9008,Heroin
13670.0,0.9086,Heroin
13674.0,0.9113,Heroin
13678.0,0.9102,Heroin
13682.0,0.9087,Heroin
13686.0,0.9082,Heroin
13690.0,0.9097,Heroin
13694.0,0.9132,Heroin
13698.0,0.9133,Heroin
13702.0,0.9134,Heroin
13706.0,0.9092,Heroin
13710.0,0.9068,Heroin
13714.0,0.9085,Heroin
13718.0,0.9104,Heroin
13722.0,0.9109,Heroin
13726.0,0.9109,Heroin
13730.0,0.9081,Heroin
13734.0,0.9046,Heroin
13738.0,0.9031,Heroin
13742.0,0.9025,Heroin
13746.0,0.9039,Heroin
13750.0,0.9053,Heroin
13754.0,0.9047,Heroin
13758.0,0.897,Heroin
13762.0,0.889,Heroin
13766.0,0.8878,Heroin
13770.0,0.888,Heroin
13774.0,0.8875,Heroin
13778.0,0.8814,Heroin
13782.0,0.873,Heroin
13786.0,0.8657,Heroin
13790.0,0.86,Heroin
13794.0,0.855,Heroin
13798.0,0.8521,Heroin
13802.0,0.8447,Heroin
13806.0,0.8239,Heroin
13810.0,0.7965,Heroin
13814.0,0.7672,Heroin
13818.0,0.7378,Heroin
13822.0,0.7082,Heroin
13826.0,0.6796,Heroin
13830.0,0.6724,Heroin
13834.0,0.6804,Heroin
13838.0,0.7071,Heroin
13842.0,0.7331,Heroin
13846.0,0.7608,Heroin
13850.0,0.7846,Heroin
13854.0,0.8038,Heroin
13858.0,0.8161,Heroin
13862.0,0.8232,Heroin
13866.0,0.8259,Heroin
13870.0,0.8304,Heroin
13874.0,0.8278,Heroin
13878.0,0.8277,Heroin
13882.0,0.826,Heroin
13886.0,0.7991,Heroin
13890.0,0.7796,Heroin
13894.0,0.7701,Heroin
13898.0,0.7619,Heroin
13902.0,0.7544,Heroin
13906.0,0.7478,Heroin
13910.0,0.7445,Heroin
13914.0,0.744,Heroin
13918.0,0.7592,Heroin
13922.0,0.7765,Heroin
13926.0,0.7915,Heroin
13930.0,0.8034,Heroin
13934.0,0.811,Heroin
13938.0,0.8174,Heroin
13942.0,0.8218,Heroin
13946.0,0.8256,Heroin
13950.0,0.8291,Heroin
13954.0,0.832,Heroin
13958.0,0.8338,Heroin
